listing_id,operation_type,property_type,title,price,currency,status,condition,neighborhood,city,state,latitude,longitude,surface_total,surface_covered,bedrooms,bathrooms,garages,floor,age,expenses,amenities,seller_name,seller_type,seller_id,description,image_urls,thumbnail_url,url,scraped_at
TUxVODczMzAzODY2,venta,apartamentos,VmVudGEgQXBhcnRhbWVudG8gMiBEb3JtaXRvcmlvcyAtIENvcmTDs24gU3VyIC0gQ29uIFJlbnRh,160000.0,USD,active,used,"Acevedo Diaz 1379, Cordón",,Montevideo,-34.9024907,-56.1666199,57.0,51.0,2.0,1.0,0.0,4.0,4.0,4800.0,Ascensor,Century 21 Premier,real_estate_agency,1434045799.0,"Oportunidad de Inversión!!!! Apartamento con RENTA.
Vivir en Cordón Sur, un barrio con historia, vida cultural y una ubicación estratégica.
A pasos de todo, este apartamento combina comodidad y estilo en una de las zonas más buscadas de Montevideo.
Edificio construído en 2021 por el reconocido Arquitecto Flores Gallinal.
4 piso, disposición contrafrente, orientación oeste, super iluminado.
2 dormitorios con placares.
1 baño completo.
living comedor con salida a balcón de 6 m2, aire acondicionado.
cocina definida con áereos y bajo mesada, doble pileta, mesada de granito.
terraza lavadero.
pisos de living-comedor y dormitorios flotantes.
pisos de cocina y baño de porcelanato gris oscuro.
El edificio cuenta con dos barbacoas en el último piso, cada una con una capacidad para 20 personas.
Seguridad presencial de lunes a viernes de 10 a 18 horas y los sábados de 10 a 14 horas, resto de horas está Foxys.
Gastos comunes bajos, $4.800 mensual.
El mismo se encuentra rentado con contrato vigente hasta 2026 con opción a renovar.
La rentabilidad bruta es de un 5.5% aproximadamente.

Te invito a conocerlo!! 

Honorarios inmobiliarios 3% + IVA",aHR0cHM6Ly9odHRwMi5tbHN0YXRpYy5jb20vRF9OUV9OUF85MTk5NDctTUxVOTI0NTQ2NDQ2MzZfMDkyMDI1LUYtbnVsbC53ZWJwIHwgaHR0cHM6Ly9odHRwMi5tbHN0YXRpYy5jb20vRF9OUV9OUF84MDY1NTItTUxVOTI0NTQ2NDQ2NDZfMDkyMDI1LUYtbnVsbC53ZWJwIHwgaHR0cHM6Ly9odHRwMi5tbHN0YXRpYy5jb20vRF9OUV9OUF85MTEyOTgtTUxVOTI0NTQ2NDQ2NDhfMDkyMDI1LUYtbnVsbC53ZWJwIHwgaHR0cHM6Ly9odHRwMi5tbHN0YXRpYy5jb20vRF9OUV9OUF84NDkwMjYtTUxVOTI0NTQ2NDQ2NDJfMDkyMDI1LUYtbnVsbC53ZWJwIHwgaHR0cHM6Ly9odHRwMi5tbHN0YXRpYy5jb20vRF9OUV9OUF85NzMyNTEtTUxVOTI0NTQ2NDQ2NDRfMDkyMDI1LUYtbnVsbC53ZWJw,aHR0cHM6Ly9odHRwMi5tbHN0YXRpYy5jb20vRF9OUV9OUF85MTk5NDctTUxVOTI0NTQ2NDQ2MzZfMDkyMDI1LU8ud2VicA==,aHR0cHM6Ly9hcGFydGFtZW50by5tZXJjYWRvbGlicmUuY29tLnV5L01MVS04NzMzMDM4NjYtdmVudGEtYXBhcnRhbWVudG8tMi1kb3JtaXRvcmlvcy1jb3Jkb24tc3VyLWNvbi1yZW50YS1fSk0jcG9seWNhcmRfY2xpZW50PXNlYXJjaC1kZXNrdG9wJnNlYXJjaF9sYXlvdXQ9Z3JpZCZwb3NpdGlvbj00NCZ0eXBlPWl0ZW0mdHJhY2tpbmdfaWQ9NTczYzhmZWItMzYxMy00OTI1LTg3NTctZDRiMzNjMzA3ODll,2026-02-24T23:05:12.484738+00:00
TUxVMTA3MDc5NDI1Mg==,alquiler,apartamentos,QWxxdWlsZXIgfCBBcGFydGFtZW50byAyIERvbWl0b3JpbyBFbiBQYWxlcm1v,44000.0,UYU,active,new,"Isla de Flores 1768, 11200 Montevideo, Uruguay, Palermo",,Montevideo,-34.910516,-56.1766537,100.0,100.0,3.0,2.0,2.0,2.0,0.0,5000.0,,INMOBILIARIA IMPERIUM,real_estate_agency,288208199.0,"ALQUILER $ 44.000

G.C. : $ 5000

GARANTIAS: Anda , Contaduría, Aseguradoras

La frescura y comodidad se encuentran en este dúplex ubicado en la Isla de Flores, un espacio donde cada rincón está pensado para tu bienestar.

Con 100 m² de área privada, este apartamento ofrece tres acogedores dormitorios y dos baños, ideales para disfrutar en familia. La disposición al frente y su orientación norte permiten que la luz natural inunde cada habitación, creando un ambiente cálido y acogedor.

Además, contarás con dos cocheras y seguridad las 24 horas, brindándote tranquilidad y comodidad en tu día a día.

Características Destacadas:

Amplio dúplex con 3 dormitorios

Aire acondicionado en áreas

Seguridad 24 horas

Gastos comunes accesibles

Agente: Arq. Gabriela Alicata

Imperium Quality",aHR0cHM6Ly9odHRwMi5tbHN0YXRpYy5jb20vRF9OUV9OUF85NjA1MzQtTUxVMTA3NDI0Njg0Nzg3XzAyMjAyNi1GLW51bGwud2VicCB8IGh0dHBzOi8vaHR0cDIubWxzdGF0aWMuY29tL0RfTlFfTlBfODQ4NDI0LU1MVTEwNzQyNDY4NDc3MV8wMjIwMjYtRi1udWxsLndlYnAgfCBodHRwczovL2h0dHAyLm1sc3RhdGljLmNvbS9EX05RX05QXzk3OTQzOC1NTFUxMDc0MjQ2ODQ3ODFfMDIyMDI2LUYtbnVsbC53ZWJwIHwgaHR0cHM6Ly9odHRwMi5tbHN0YXRpYy5jb20vRF9OUV9OUF85NTQzODgtTUxVMTA3NDI0Njg0Nzg5XzAyMjAyNi1GLW51bGwud2VicCB8IGh0dHBzOi8vaHR0cDIubWxzdGF0aWMuY29tL0RfTlFfTlBfNjE3NDg3LU1MVTEwNzQyNDY4NDc2N18wMjIwMjYtRi1udWxsLndlYnA=,aHR0cHM6Ly9odHRwMi5tbHN0YXRpYy5jb20vRF9OUV9OUF85NjA1MzQtTUxVMTA3NDI0Njg0Nzg3XzAyMjAyNi1PLndlYnA=,aHR0cHM6Ly9hcGFydGFtZW50by5tZXJjYWRvbGlicmUuY29tLnV5L01MVS0xMDcwNzk0MjUyLWFscXVpbGVyLWFwYXJ0YW1lbnRvLTItZG9taXRvcmlvLWVuLXBhbGVybW8tX0pNI3BvbHljYXJkX2NsaWVudD1zZWFyY2gtZGVza3RvcCZzZWFyY2hfbGF5b3V0PWdyaWQmcG9zaXRpb249MzUmdHlwZT1pdGVtJnRyYWNraW5nX2lkPTQzOTA1MjI2LTgwMDAtNDc5Ni1hMDViLWJiZWIwYmMyOGYzYw==,2026-02-25T17:17:33.893732+00:00
TUxVOTUwMjY0MjQ4,alquiler,apartamentos,QWxxdWlsZXIgVHJlcyBDcnVjZXMgMiBEb3JtIFBpc28gQWx0byBBIE51ZXZvIFByb3guIDE4IERlIEp1bGlvIFkgT2JlbGlzY28=,31000.0,UYU,active,used,"Mario Cassinoni, Tres Cruces",,Montevideo,-34.89606,-56.166036,45.0,45.0,2.0,1.0,0.0,10.0,44.0,3500.0,Ascensor,GRUPO AVANZA,real_estate_agency,1714077362.0,"* Amplio living-comedor con piso de cerámica importada imitación madera y gran vista.- 
 
*2 dormitorios con pisos cerámicos y placares. 
  
*Baño nuevo con instalación de lavarropa.- 
*Cocina nueva con mesada de granito y estupenda vista.- 
*Edificio del año 1981 muy prolijo- 
  
*Son 45m2 propios más 45m2 de azotea de uso exclusivo. 
 
*Tan solo 2 aptos por piso.- 
 
CONSULTE POSIBLE OPCION CON MUEBLES.- 
 
*Opciones de estacionamiento privado a pocos metros.- 
  
*3 equipos de aire acondicionado: uno para cada ambiente.- 
*Gastos comunes aprox. $.3500-",aHR0cHM6Ly9odHRwMi5tbHN0YXRpYy5jb20vRF9OUV9OUF85OTM2NTQtTUxVOTczNzIyNTg4MzJfMTEyMDI1LUYtbnVsbC53ZWJwIHwgaHR0cHM6Ly9odHRwMi5tbHN0YXRpYy5jb20vRF9OUV9OUF83NDU4MDktTUxVOTc4MzM2NDAzNDVfMTEyMDI1LUYtbnVsbC53ZWJwIHwgaHR0cHM6Ly9odHRwMi5tbHN0YXRpYy5jb20vRF9OUV9OUF84NzE2MzUtTUxVOTc4MzM0OTIzMTVfMTEyMDI1LUYtbnVsbC53ZWJwIHwgaHR0cHM6Ly9odHRwMi5tbHN0YXRpYy5jb20vRF9OUV9OUF83MzA1MTgtTUxVOTczNzIyODc5NzRfMTEyMDI1LUYtbnVsbC53ZWJwIHwgaHR0cHM6Ly9odHRwMi5tbHN0YXRpYy5jb20vRF9OUV9OUF82NTEwMDUtTUxVOTc4MzM1NTE2ODNfMTEyMDI1LUYtbnVsbC53ZWJw,aHR0cHM6Ly9odHRwMi5tbHN0YXRpYy5jb20vRF9OUV9OUF85OTM2NTQtTUxVOTczNzIyNTg4MzJfMTEyMDI1LU8ud2VicA==,aHR0cHM6Ly9hcGFydGFtZW50by5tZXJjYWRvbGlicmUuY29tLnV5L01MVS05NTAyNjQyNDgtYWxxdWlsZXItdHJlcy1jcnVjZXMtMi1kb3JtLXBpc28tYWx0by1hLW51ZXZvLXByb3gtMTgtZGUtanVsaW8teS1vYmVsaXNjby1fSk0jcG9seWNhcmRfY2xpZW50PXNlYXJjaC1kZXNrdG9wJnNlYXJjaF9sYXlvdXQ9Z3JpZCZwb3NpdGlvbj0yOSZ0eXBlPWl0ZW0mdHJhY2tpbmdfaWQ9MTUyZGI3MDYtMDhiMS00ZDIwLWE3YjgtNmQ1MTMxY2UyZWEz,2026-02-25T18:06:01.227833+00:00
TUxVODg0NTkwMTg0,venta,casas,VmVudGEgQ2FzYSBFbiBTYW4gUmFmYWVsIDYgRG9ybWl0b3Jpb3M=,1040000.0,USD,active,used,"San Rafael, Punta del Este",,Maldonado,-34.9365768,-54.9198932,1600.0,350.0,6.0,6.0,6.0,,1.0,,Chimenea | Área de juegos infantiles,URUHAUS,real_estate_agency,1122009741.0,"Exclusiva casa en San Rafael recientemente remodelada.

Con una superficie cubierta de 350 m2, cuenta con siete dormitorios, tres de ellos en suite; cuatro baños completos más dos toilettes, tanto el living y comedor son espacios independiente; cocina cálida y moderna; sala de juegos con pool y ping-pong; pileta con opción de climatizarla; asador techado con todos los equipamientos necesarios para hacer un buen asado y disfrutar en amigos.

Alarma perimetral y dentro de la casa. Lugar para guardar siete autos dentro del predio. Terreno de 1600 m2. Cancha de vóley y de football. 
 
Uruhaus - Feel at home.

Referencia Tera: HAUS-31


 La ubicación en el mapa es generada automáticamente y puede NO ser exacta la de la propiedad. Consultenos",aHR0cHM6Ly9odHRwMi5tbHN0YXRpYy5jb20vRF9OUV9OUF85NTQ4MDItTUxVNzYwODg5NTM1MDFfMDQyMDI0LUYtbnVsbC53ZWJwIHwgaHR0cHM6Ly9odHRwMi5tbHN0YXRpYy5jb20vRF9OUV9OUF84ODU4NzQtTUxVNzYwODk0ODY0NTdfMDQyMDI0LUYtbnVsbC53ZWJwIHwgaHR0cHM6Ly9odHRwMi5tbHN0YXRpYy5jb20vRF9OUV9OUF83NzAxMTgtTUxVNzYwODk1MDI2NDFfMDQyMDI0LUYtbnVsbC53ZWJwIHwgaHR0cHM6Ly9odHRwMi5tbHN0YXRpYy5jb20vRF9OUV9OUF84NjA4MDYtTUxVNzU5MTQzMDk3MzhfMDQyMDI0LUYtbnVsbC53ZWJwIHwgaHR0cHM6Ly9odHRwMi5tbHN0YXRpYy5jb20vRF9OUV9OUF84MzcyNzItTUxVNzU5MTQzMDk3NDJfMDQyMDI0LUYtbnVsbC53ZWJw,aHR0cHM6Ly9odHRwMi5tbHN0YXRpYy5jb20vRF9OUV9OUF85NTQ4MDItTUxVNzYwODg5NTM1MDFfMDQyMDI0LU8ud2VicA==,aHR0cHM6Ly9jYXNhLm1lcmNhZG9saWJyZS5jb20udXkvTUxVLTg4NDU5MDE4NC12ZW50YS1jYXNhLWVuLXNhbi1yYWZhZWwtNi1kb3JtaXRvcmlvcy1fSk0jcG9seWNhcmRfY2xpZW50PXNlYXJjaC1kZXNrdG9wJnNlYXJjaF9sYXlvdXQ9Z3JpZCZwb3NpdGlvbj0zJnR5cGU9aXRlbSZ0cmFja2luZ19pZD03ZDUwY2ZjOS1kNThmLTQ5NTktODc1OC0wOWE0NmU4NjkwYWE=,2026-02-25T18:39:13.753696+00:00
TUxVMTA2Nzc1ODM1Ng==,alquiler,casas,QWxxdWlsZXIgQ2FzYSBDb2zDs24gQ29uIENvY2hlcmE=,23000.0,UYU,active,used,"Cam. Francisco Lecocq 1600, Colón",,Montevideo,-34.8125278,-56.2289055,105.0,55.0,2.0,1.0,2.0,,20.0,0.0,,JSINMOBILIARIA,real_estate_agency,1012684629.0,"Ubicada en la tranquila Cam. Francisco Lecocq en Colón, esta casa en alquiler es una oportunidad única para quienes buscan un espacio cómodo y funcional. Con un precio de UY$23.000, la propiedad cuenta con un total de 105 m2, de los cuales 55 m2 son cubiertos, ofreciendo un ambiente acogedor y bien distribuido. La casa dispone de 6 ambientes, incluyendo 2 dormitorios ideales para el descanso familiar y un baño completo.

El inmueble cuenta con un garaje que puede albergar hasta 2 coches, brindando comodidad y seguridad para sus vehículos. Su orientación oeste permite disfrutar de una excelente luminosidad natural durante gran parte del día, creando un ambiente cálido y acogedor. Aunque la propiedad tiene 20 años de antigüedad, su diseño y distribución son funcionales, haciendo de este espacio un lugar ideal para vivir o establecer un hogar. 

Este alquiler no incluye financiación y no es apto para uso profesional, lo que lo convierte en una opción ideal para familias o parejas que buscan un lugar tranquilo donde residir. Con 50 m2 de área descubierta, también ofrece la posibilidad de disfrutar de actividades al aire libre en su propio espacio.

Agente: Stephania Mariño
Alquiler: $ 23.000
Garantías: a consultar 
Ubicación: Cam. Francisco Lecocq , esquina Checoslovaquia 

CARACTERISTICAS RELEVANTES: 
ADMITE MASCOTAS: si
2 cocheras
parrillero 
jardín 

Comisión inmobiliaria: 1 mes de alquiler + I.V.A.",aHR0cHM6Ly9odHRwMi5tbHN0YXRpYy5jb20vRF9OUV9OUF85MjAxMzEtTUxVMTA3MTgzNDM1NTg1XzAyMjAyNi1GLW51bGwud2VicCB8IGh0dHBzOi8vaHR0cDIubWxzdGF0aWMuY29tL0RfTlFfTlBfODQxNTQzLU1MVTEwNzE4NDE3OTc4NV8wMjIwMjYtRi1udWxsLndlYnAgfCBodHRwczovL2h0dHAyLm1sc3RhdGljLmNvbS9EX05RX05QXzcyNjQ3Mi1NTFUxMDcxODQyMzg5NzdfMDIyMDI2LUYtbnVsbC53ZWJwIHwgaHR0cHM6Ly9odHRwMi5tbHN0YXRpYy5jb20vRF9OUV9OUF85MzY4NjUtTUxVMTA2NTM3NjM3MTQ2XzAyMjAyNi1GLW51bGwud2VicCB8IGh0dHBzOi8vaHR0cDIubWxzdGF0aWMuY29tL0RfTlFfTlBfNjY3NzMzLU1MVTEwNjUzNjk4NTc5MF8wMjIwMjYtRi1udWxsLndlYnA=,aHR0cHM6Ly9odHRwMi5tbHN0YXRpYy5jb20vRF9OUV9OUF85MjAxMzEtTUxVMTA3MTgzNDM1NTg1XzAyMjAyNi1PLndlYnA=,aHR0cHM6Ly9jYXNhLm1lcmNhZG9saWJyZS5jb20udXkvTUxVLTEwNjc3NTgzNTYtYWxxdWlsZXItY2FzYS1jb2xvbi1jb24tY29jaGVyYS1fSk0jcG9seWNhcmRfY2xpZW50PXNlYXJjaC1kZXNrdG9wJnNlYXJjaF9sYXlvdXQ9Z3JpZCZwb3NpdGlvbj0zOSZ0eXBlPWl0ZW0mdHJhY2tpbmdfaWQ9NDdiM2I3ZjAtZGJkNC00MjY1LWIzOTctYjU5MzZiNjE1MGI2,2026-02-25T20:05:19.722836+00:00
TUxVNzk5MTM4ODMy,venta,apartamentos,VmVudGEsIE1vbm9hbWJpZW50ZSwgTWFsdsOtbiwgUmFtYmxhIChyZWY6IFRici00Mjk0KQ==,115000.0,USD,active,new,"O HIGGINS, RBLA. 5200, Malvin",,Montevideo,-34.895192,-56.0925005,22.0,22.0,0.0,1.0,0.0,4.0,0.0,4500.0,,Treehouse Bienes Raíces,real_estate_agency,526934279.0,"¡TreeHouse vende apartamento MONOAMBIENTE en Malvín, Montevideo!

Actualmente alquilado con renta de $16.000 con contrato hasta oct 2025. 

Ubicado en un punto privilegiado de Malvín, sobre Gallinal y la Rambla, este moderno monoambiente en piso alto ofrece una excelente calidad de vida junto al mar.

La unidad 405 cuenta con 22 m2 bien distribuidos, con ventanales que aportan luminosidad natural durante todo el día y permiten disfrutar de una vista lateral despejada. Excelente opción para quienes buscan un espacio funcional, luminoso y con excelente conectividad en uno de los barrios más cotizados de Montevideo. Ideal tanto para vivienda como para renta.

Gastos comunes $ 4.500

No dude en consultar y agendar visita.
      
      
    
XINTEL(TBR-TBR-4294)",aHR0cHM6Ly9odHRwMi5tbHN0YXRpYy5jb20vRF9OUV9OUF85MDAwNDAtTUxVODg0NjY0ODg1MTRfMDcyMDI1LUYtbnVsbC53ZWJwIHwgaHR0cHM6Ly9odHRwMi5tbHN0YXRpYy5jb20vRF9OUV9OUF82NjU4NzktTUxVODg0NjY0ODg1MTZfMDcyMDI1LUYtbnVsbC53ZWJwIHwgaHR0cHM6Ly9odHRwMi5tbHN0YXRpYy5jb20vRF9OUV9OUF84MzY5OTYtTUxVODg0NjY0ODg1MThfMDcyMDI1LUYtbnVsbC53ZWJwIHwgaHR0cHM6Ly9odHRwMi5tbHN0YXRpYy5jb20vRF9OUV9OUF83MTc4NzMtTUxVODg0NjY0ODg1MjBfMDcyMDI1LUYtbnVsbC53ZWJwIHwgaHR0cHM6Ly9odHRwMi5tbHN0YXRpYy5jb20vRF9OUV9OUF83NTc5MjMtTUxVODg0NjY0ODg1MjJfMDcyMDI1LUYtbnVsbC53ZWJw,aHR0cHM6Ly9odHRwMi5tbHN0YXRpYy5jb20vRF9OUV9OUF85MDAwNDAtTUxVODg0NjY0ODg1MTRfMDcyMDI1LU8ud2VicA==,aHR0cHM6Ly9hcGFydGFtZW50by5tZXJjYWRvbGlicmUuY29tLnV5L01MVS03OTkxMzg4MzItdmVudGEtbW9ub2FtYmllbnRlLW1hbHZpbi1yYW1ibGEtcmVmLXRici00Mjk0LV9KTSNwb2x5Y2FyZF9jbGllbnQ9c2VhcmNoLWRlc2t0b3Amc2VhcmNoX2xheW91dD1ncmlkJnBvc2l0aW9uPTM1JnR5cGU9aXRlbSZ0cmFja2luZ19pZD1mZDU2OGY2OC1lODYxLTRhOTMtODhhMS0xZWI4OGI1MjgyY2Q=,2026-02-24T23:22:14.224206+00:00
TUxVNjUyODQ1NjY3,venta,apartamentos,VmVudGEgQXBhcnRhbWVudG8gVW4gRG9ybWl0b3JpbyAgRW4gSGFyYXMgRGVsIExhZ28gLSBMYWdvbWFy,195000.0,USD,active,new,"Av. Interbalnearia y Gonchi Rodriguez, Barra de Carrasco",,Canelones,-34.785767,-55.9267112,58.0,0.0,1.0,1.0,1.0,0.0,0.0,7550.0,Cancha de básquetbol | Sauna | Con cancha de fútbol | Acceso a internet | Gimnasio | Salón de usos múltiples | Ascensor | Cancha de tenis | Área de lavandería | Área de juegos infantiles,KEYMEX_DE_LUXE,real_estate_agency,1701446738.0,"Apartamento en Venta de 1 dormitorio en Barrio privado
Con Garaje y Parrillero Propio
Oferta Especial U$S195,000

Vive rodeado de naturaleza y confort en Haras del Lago, con todo lo que siempre has soñado!
Este apartamento de un dormitorio combina diseño moderno, amenities de primer nivel y seguridad en un entorno exclusivo.

Características destacadas:
- Amplios espacios con excelente iluminación natural.

- Terraza con parrillero propio, ideal para disfrutar con amigos y familiares.

- Cochera privada y estacionamiento de cortesía
- Seguridad 24 horas y puestos de entrada vigilados para tu tranquilidad.

 Amenities de lujo
  - Piscina climatizada

  - Gimnasio completamente equipado

  - Sauna y spa

  - Canchas de tenis, fútbol y basquetball 
  - área de barbacoas

  - Zona para niños, perfecta para familias

  - Senderos y amplias áreas verdes para disfrutar del aire libre

Ubicado en una zona estratégica, este apartamento te permite vivir con todas las comodidades y seguridad que necesitas.
Con fácil acceso a servicios y a los paseos de compara de la zona.

Precio oferta: U$S195,000  Dólares
Gastos Comunes $7550 pesos
Comisión Inmobiliaria 3%+ IVA
Contáctame para más información y agenda tu visita hoy mismo!

Agente: Mónica Marrero
Inmobiliaria: Keymex De Luxe 

.",aHR0cHM6Ly9odHRwMi5tbHN0YXRpYy5jb20vRF9OUV9OUF82NTYwMDMtTUxVOTAzOTY1MzU2MTZfMDgyMDI1LUYtbnVsbC53ZWJwIHwgaHR0cHM6Ly9odHRwMi5tbHN0YXRpYy5jb20vRF9OUV9OUF83ODI2ODEtTUxVOTAzOTY1MzU2MTRfMDgyMDI1LUYtbnVsbC53ZWJwIHwgaHR0cHM6Ly9odHRwMi5tbHN0YXRpYy5jb20vRF9OUV9OUF83ODk0NjMtTUxVOTAzOTY1MzU2MTJfMDgyMDI1LUYtbnVsbC53ZWJwIHwgaHR0cHM6Ly9odHRwMi5tbHN0YXRpYy5jb20vRF9OUV9OUF82ODg3MjQtTUxVOTAzOTY1MzU2MjJfMDgyMDI1LUYtbnVsbC53ZWJwIHwgaHR0cHM6Ly9odHRwMi5tbHN0YXRpYy5jb20vRF9OUV9OUF83MzkzMjItTUxVOTAzOTY1MzU2MThfMDgyMDI1LUYtbnVsbC53ZWJw,aHR0cHM6Ly9odHRwMi5tbHN0YXRpYy5jb20vRF9OUV9OUF82NTYwMDMtTUxVOTAzOTY1MzU2MTZfMDgyMDI1LU8ud2VicA==,aHR0cHM6Ly9hcGFydGFtZW50by5tZXJjYWRvbGlicmUuY29tLnV5L01MVS02NTI4NDU2NjctdmVudGEtYXBhcnRhbWVudG8tdW4tZG9ybWl0b3Jpby1lbi1oYXJhcy1kZWwtbGFnby1sYWdvbWFyLV9KTSNwb2x5Y2FyZF9jbGllbnQ9c2VhcmNoLWRlc2t0b3Amc2VhcmNoX2xheW91dD1ncmlkJnBvc2l0aW9uPTMxJnR5cGU9aXRlbSZ0cmFja2luZ19pZD01M2EyNGNhMS03MTBlLTRlYjItYmFiMC0yZTJkZjlkNTE3ZDM=,2026-02-24T23:18:06.926700+00:00
TUxVMTA2OTc5NDUxMA==,alquiler,casas,Q2FzYSBFbiBBbHF1aWxlciBFbiBQYXNvIERlIExhcyBEdXJhbmFz,38000.0,UYU,active,used,"Waterloo, Montevideo",,Montevideo,-34.8432082,-56.2106985,68.0,68.0,2.0,11.0,1.0,,50.0,380.0,Chimenea | Parrillero,INMOBILIARIA PLATINUM,real_estate_agency,244714232.0,"Encuentra el hogar perfecto en un entorno seguro y cómodo, ideal para disfrutar de la tranquilidad y la modernidad. Este atractivo inmueble de 68 m² es la opción perfecta para quienes buscan calidad y confort.

Características destacadas:
- Precio: UY$38.000
- Cocina con concepto abierto
- Estufa con calefacción por convección
- Puerta blindada y abertura con doble vidrio
- Garantía aseguradoras
- Gastos comunes: UY$380
- Orientación sur
- Cochera semicubierta
- Aire acondicionado
- Cámaras CCTV
- Portón automático
- Chimenea
- Permite mascotas
- Conexión para lavarropas
- Parrilla
- Placards

Con 2 dormitorios y 1 baño, este inmueble cuenta con un diseño funcional y acogedor. Su antigüedad de 50 años le añade un encanto especial, conservando la esencia de un hogar bien cuidado. Disponible desde marzo, no te pierdas la oportunidad de vivir en un lugar que lo tiene todo.

La propiedad ideal para ti y tu familia te está esperando. ¡No dejes pasar esta oportunidad! Contáctate ya.
Asesor Inmobiliario: María Fernanda Battagliese
097.211.278",aHR0cHM6Ly9odHRwMi5tbHN0YXRpYy5jb20vRF9OUV9OUF84MTYzMzQtTUxVMTA3MzY5NDcyODQ3XzAyMjAyNi1GLW51bGwud2VicCB8IGh0dHBzOi8vaHR0cDIubWxzdGF0aWMuY29tL0RfTlFfTlBfNjA5NTMxLU1MVTEwNjcwNTk1NTY1MF8wMjIwMjYtRi1udWxsLndlYnAgfCBodHRwczovL2h0dHAyLm1sc3RhdGljLmNvbS9EX05RX05QXzYwNTU1Ni1NTFUxMDczNjk1MDM0MzVfMDIyMDI2LUYtbnVsbC53ZWJwIHwgaHR0cHM6Ly9odHRwMi5tbHN0YXRpYy5jb20vRF9OUV9OUF83NTY2NzUtTUxVMTA2NzA1OTU1Njc2XzAyMjAyNi1GLW51bGwud2VicCB8IGh0dHBzOi8vaHR0cDIubWxzdGF0aWMuY29tL0RfTlFfTlBfNzQ2MTA0LU1MVTEwNzM2OTUzMzQzNV8wMjIwMjYtRi1udWxsLndlYnA=,aHR0cHM6Ly9odHRwMi5tbHN0YXRpYy5jb20vRF9OUV9OUF84MTYzMzQtTUxVMTA3MzY5NDcyODQ3XzAyMjAyNi1PLndlYnA=,aHR0cHM6Ly9jYXNhLm1lcmNhZG9saWJyZS5jb20udXkvTUxVLTEwNjk3OTQ1MTAtY2FzYS1lbi1hbHF1aWxlci1lbi1wYXNvLWRlLWxhcy1kdXJhbmFzLV9KTSNwb2x5Y2FyZF9jbGllbnQ9c2VhcmNoLWRlc2t0b3Amc2VhcmNoX2xheW91dD1ncmlkJnBvc2l0aW9uPTE1JnR5cGU9aXRlbSZ0cmFja2luZ19pZD1lMzZjZmEyOS0yNTYwLTQwOTktYTBlYy1mODI2ZjM0NWY3ZTQ=,2026-02-25T20:31:23.650227+00:00
TUxVOTgyMzM1Mjg0,alquiler,apartamentos,QWxxdWlsZXIgQXBhcnRhbWVudG8sIDEgRG9ybWl0b3JpbywgUHVudGEgQ2FycmV0YXMsIE9kYQ==,1500.0,USD,active,new,"Bv. Gral. Artigas 500, Punta Carretas",,Montevideo,-34.9189506,-56.1625832,59.0,41.0,1.0,1.0,1.0,7.0,0.0,5752.0,Gimnasio | Salón de usos múltiples | Ascensor,SURES REAL ESTATE,real_estate_agency,231805202.0,"Alquiler apartamento, 1 dormitorio, Punta Carretas, ODA

Ubicado sobre Bulevar Artigas, en el corazón de Punta Carretas, uno de los barrios más emblemáticos de la ciudad. Nace ODA como una alegoría a la arquitectura y el diseño de primer nivel. 

Un edificio donde la luz juega un papel central en la composición arquitectónica. Con apartamentos de 1, 2 y 3 dormitorios aterrazados, con grandes estares, terrazas y ventanales que aprovechan todo el recorrido del sol. Orientados hacia tres frentes: Este, Norte y Oeste que generan espacios para permanecer.

Cuenta con 41 m2 de interiores y 5 m2 de Terraza. Superficie APPCU 59 m2. Se desarrolla en un luminoso living comedor con salida a balcón. Cocina integrada con barra, horno, anafe y campana incluidos. 1 dormitorio con placar. 1 baño completo. Área de lavadero.

-Fotos ilustrativas pertenecientes a los showrooms

AMENITIES 
- Piscina con solarium.
- Gimnasio equipado.
- Rooftop con barbacoa con parrillero interior y exterior, y estar con estufa a leña.

TERMINACIONES 
- Losa radiante eléctrica sectorizada con termostato.
- Aberturas color negro línea Gala o similar.
- DVH con control térmico selectivo.
- Cerraduras digitales.
- Vanity en todos los apartamentos.
- Mesada de sileston o similar.
- Grifería de primer nivel. 
- Aire acondicionado tipo inverter. 
- Diseño paisajístico integrado.
- Calefón.

SERVICIOS
- Estacionamiento de bicicletas.
- Laundry con tender en rooftop.
- Espacio de reciclaje de basura.
- Package room en planta baja para recepción de envíos.
- Seguridad con CCTV.

GARAJES
- Previsión para boxes y cargadores de autos eléctricos.

DESARROLLA
Sures Real Estate

ARQUITECTURA
Ponce de León Architects
Estudio Zip

PAISAJISMO
Identidad 

ASESORÍA LEGAL
Estudio Posadas

En Sures Bienes Raíces, nos especializamos en el desarrollo de modernos edificios de apartamentos en Punta Carretas, diseñados para ofrecer lujo y confort. Nuestra experiencia en el mercado inmobiliario nos permite brindar excelentes oportunidades de inversión inmobiliaria en Uruguay. Somos un equipo confiable y serio que busca la mejor inversión para vos, con un enfoque humano y personalizado en cada proyecto. Confía en nosotros para encontrar la propiedad ideal que se ajuste a tus necesidades. Honorarios de intermediación para compraventas: 3% + IVA, para alquileres: 1 mes de alquiler + IVA.

      
      
    
XINTEL(SRS-SRS-12478)",aHR0cHM6Ly9odHRwMi5tbHN0YXRpYy5jb20vRF9OUV9OUF83MjgyOTMtTUxVMTA0MzQwMDI5NzgwXzAxMjAyNi1GLW51bGwud2VicCB8IGh0dHBzOi8vaHR0cDIubWxzdGF0aWMuY29tL0RfTlFfTlBfNjQ4ODkzLU1MVTEwNzI0NjUyNTE4M18wMjIwMjYtRi1udWxsLndlYnAgfCBodHRwczovL2h0dHAyLm1sc3RhdGljLmNvbS9EX05RX05QXzczMDY5MC1NTFUxMDcyNDY1MjUxODVfMDIyMDI2LUYtbnVsbC53ZWJwIHwgaHR0cHM6Ly9odHRwMi5tbHN0YXRpYy5jb20vRF9OUV9OUF85NjY0MjctTUxVMTA3MjQ2NTI1MTkzXzAyMjAyNi1GLW51bGwud2VicCB8IGh0dHBzOi8vaHR0cDIubWxzdGF0aWMuY29tL0RfTlFfTlBfNzU4NTk5LU1MVTEwNzI0NjUyNTE5NV8wMjIwMjYtRi1udWxsLndlYnA=,aHR0cHM6Ly9odHRwMi5tbHN0YXRpYy5jb20vRF9OUV9OUF83MjgyOTMtTUxVMTA0MzQwMDI5NzgwXzAxMjAyNi1PLndlYnA=,aHR0cHM6Ly9hcGFydGFtZW50by5tZXJjYWRvbGlicmUuY29tLnV5L01MVS05ODIzMzUyODQtYWxxdWlsZXItYXBhcnRhbWVudG8tMS1kb3JtaXRvcmlvLXB1bnRhLWNhcnJldGFzLW9kYS1fSk0jcG9seWNhcmRfY2xpZW50PXNlYXJjaC1kZXNrdG9wJnNlYXJjaF9sYXlvdXQ9Z3JpZCZwb3NpdGlvbj0yNSZ0eXBlPWl0ZW0mdHJhY2tpbmdfaWQ9NGZlYzAwODItNGQ3YS00MmViLTg5OGYtZjg2ODcyNzExNGYw,2026-02-25T17:46:29.054679+00:00
TUxVMTA2MjI1NTk3NA==,alquiler,apartamentos,RWwgTWVqb3IgQXB0byBDb24gRm9uZG8gQWwgTGFnbyAoYW11ZWJsYWRvKQ==,2690.0,USD,active,used,,,,-34.8637127,-56.0300427,120.0,180.0,3.0,3.0,2.0,,10.0,20000.0,Salón de usos múltiples,EVARISTO37,,,,aHR0cHM6Ly9odHRwMi5tbHN0YXRpYy5jb20vRF9OUV9OUF82NjkxMzYtTUxVOTMxODAzNjAwNjNfMDkyMDI1LUYtbnVsbC53ZWJwIHwgaHR0cHM6Ly9odHRwMi5tbHN0YXRpYy5jb20vRF9OUV9OUF82MDY0MTEtTUxVOTMxODAyMTA4MTdfMDkyMDI1LUYtbnVsbC53ZWJwIHwgaHR0cHM6Ly9odHRwMi5tbHN0YXRpYy5jb20vRF9OUV9OUF84ODY4MjItTUxVOTI3Njc4NzIzODBfMDkyMDI1LUYtbnVsbC53ZWJwIHwgaHR0cHM6Ly9odHRwMi5tbHN0YXRpYy5jb20vRF9OUV9OUF84Nzg0OTMtTUxVOTMxODAyMTA4MzFfMDkyMDI1LUYtbnVsbC53ZWJwIHwgaHR0cHM6Ly9odHRwMi5tbHN0YXRpYy5jb20vRF9OUV9OUF82MTY5ODItTUxVOTMxODAxOTEwODFfMDkyMDI1LUYtbnVsbC53ZWJw,aHR0cHM6Ly9odHRwMi5tbHN0YXRpYy5jb20vRF9OUV9OUF82NjkxMzYtTUxVOTMxODAzNjAwNjNfMDkyMDI1LU8ud2VicA==,aHR0cHM6Ly9hcGFydGFtZW50by5tZXJjYWRvbGlicmUuY29tLnV5L01MVS0xMDYyMjU1OTc0LWVsLW1lam9yLWFwdG8tY29uLWZvbmRvLWFsLWxhZ28tYW11ZWJsYWRvLV9KTSNwb2x5Y2FyZF9jbGllbnQ9c2VhcmNoLWRlc2t0b3Amc2VhcmNoX2xheW91dD1ncmlkJnBvc2l0aW9uPTIxJnR5cGU9aXRlbSZ0cmFja2luZ19pZD0wZWJhODQxOS0xOTVkLTQyM2ItYjQ3MC0xNTBkMDAwYzQzYzU=,2026-02-25T17:38:14.572866+00:00
TUxVNjU0NDg4NzQ5,venta,casas,VmVudGEgQ2FzYSBMYXMgVG9zY2FzIDQgRG9ybWl0b3Jpb3M=,580000.0,USD,active,used,"Las Toscas, Las Toscas",,Canelones,-34.775255,-55.7354372,825.0,478.0,4.0,5.0,1.0,,12.0,,,SOU-NEGOCIOSINMOBILIARIOS,real_estate_agency,1940239780.0,"Agente Inmobiliario: Valeria Bontink - Celular: 099 495 892

Esta excepcional residencia de 478 m² construidos sobre un terreno de 825 m² se distingue por su excelente calidad constructiva, su diseño moderno y terminaciones de nivel superior, ofreciendo confort, funcionalidad y espacios pensados para disfrutar.

La casa se desarrolla en tres plantas y cuenta con un garaje cerrado para dos vehículos además de espacio exterior para estacionar dos autos adicionales. En el exterior se destacan la piscina, baño exterior, un parrillero techado totalmente equipado y un jardín parquizado y arbolado, mantenido en óptimas condiciones.

En cuanto a prestaciones, la vivienda cuenta con calefacción por losa radiante y aire acondicionado en todos los dormitorios. También dispone de un sistema de audio ambiental multiroom, tanto interior como exterior, y un práctico montacargas doméstico que conecta el garaje con la cocina.
En la planta alta se encuentran los cuatro dormitorios, todos con salida a balcón. Tres de ellos están orientados al frente y dos cuentan con baño en suite. El dormitorio principal incorpora además un vestidor.

Este nivel recibe una excelente iluminación natural gracias a un tragaluz cenital.
En esta misma planta se ubica también un lavadero independiente, con acceso a una terraza exterior de servicio.

Una propiedad única, pensada para quienes buscan comodidad, diseño y calidad en cada detalle.

Coordina tu visita!

Compartimos con todos los colegas
Comisión inmobiliaria: 3%+IVA

Socio CIU N.º 1348.




Nai - 680",aHR0cHM6Ly9odHRwMi5tbHN0YXRpYy5jb20vRF9OUV9OUF82MTUxMTItTUxVMTAwMTk4NDQ5MzE5XzEyMjAyNS1GLW51bGwud2VicCB8IGh0dHBzOi8vaHR0cDIubWxzdGF0aWMuY29tL0RfTlFfTlBfOTU1MzI0LU1MVTEwMDE5ODI3NTI4M18xMjIwMjUtRi1udWxsLndlYnAgfCBodHRwczovL2h0dHAyLm1sc3RhdGljLmNvbS9EX05RX05QXzc1Mjg1Ny1NTFUxMDAxOTgyNzUyODlfMTIyMDI1LUYtbnVsbC53ZWJwIHwgaHR0cHM6Ly9odHRwMi5tbHN0YXRpYy5jb20vRF9OUV9OUF84ODIwMTgtTUxVMTAwMTk4Mjc1MjYxXzEyMjAyNS1GLW51bGwud2VicCB8IGh0dHBzOi8vaHR0cDIubWxzdGF0aWMuY29tL0RfTlFfTlBfOTI3NjYwLU1MVTEwMDE5ODI3NTI4NV8xMjIwMjUtRi1udWxsLndlYnA=,aHR0cHM6Ly9odHRwMi5tbHN0YXRpYy5jb20vRF9OUV9OUF82MTUxMTItTUxVMTAwMTk4NDQ5MzE5XzEyMjAyNS1PLndlYnA=,aHR0cHM6Ly9jYXNhLm1lcmNhZG9saWJyZS5jb20udXkvTUxVLTY1NDQ4ODc0OS12ZW50YS1jYXNhLWxhcy10b3NjYXMtNC1kb3JtaXRvcmlvcy1fSk0jcG9seWNhcmRfY2xpZW50PXNlYXJjaC1kZXNrdG9wJnNlYXJjaF9sYXlvdXQ9Z3JpZCZwb3NpdGlvbj0yOSZ0eXBlPWl0ZW0mdHJhY2tpbmdfaWQ9ZjI3ZmM5YWYtYmQ3MC00MTNmLTllMjQtYTYzZWNhZWY3MGRm,2026-02-25T19:20:07.678228+00:00
TUxVMTAyNjcwMjg0OA==,alquiler,casas,Q2FzYSBFbiBBbHF1aWxlciBFbiBMYSBKdWFuYQ==,2400.0,USD,active,new,"Barrio  La Juana, La Tahona",,Canelones,-34.7878353,-56.0121312,1000.0,0.0,3.0,3.0,2.0,,0.0,10000.0,Parrillero,CasaGrande,real_estate_agency,37070403.0,"Casa a estrenar en alquiler Barrio La Juana

Excelente casa a estrenar en alquiler, ubicada en el Barrio La Juana, con diseño moderno y funcional, ideal para quienes buscan confort, seguridad y calidad de vida.

Cuenta con 160 m2 construidos, amplio living-comedor con estufa de alto rendimiento, cocina integrada con gran isla, lavadero, 3 dormitorios, todo con placares, (1 en suite) con vestidor y 3 baños.

En el exterior ofrece barbacoa techada con parrillero, gran fondo y piscina, perfectos para el disfrute familiar.

Muy luminosa, con orientación oeste. Equipada con aire acondicionado, calefacción, cámaras de CCTV, puerta de seguridad y alumbrado público. Dispone de garaje cubierto para 2 vehículos.
Se admiten mascotas.

Gastos comunes: UY$ 10.000.

???? Consulte y coordine su visita. Disponible para ingresar de inmediato.

CHO7660459",aHR0cHM6Ly9odHRwMi5tbHN0YXRpYy5jb20vRF9OUV9OUF84NTg1NDQtTUxVMTAzNDk0MzIxMTA2XzAxMjAyNi1GLW51bGwud2VicCB8IGh0dHBzOi8vaHR0cDIubWxzdGF0aWMuY29tL0RfTlFfTlBfODc2OTc1LU1MVTEwMzQ5NDMyMTA5NF8wMTIwMjYtRi1udWxsLndlYnAgfCBodHRwczovL2h0dHAyLm1sc3RhdGljLmNvbS9EX05RX05QXzg0NzY0Ni1NTFUxMDM0OTQzMjExMTJfMDEyMDI2LUYtbnVsbC53ZWJwIHwgaHR0cHM6Ly9odHRwMi5tbHN0YXRpYy5jb20vRF9OUV9OUF82NTE1ODUtTUxVMTAzNDk0MzIxMTA4XzAxMjAyNi1GLW51bGwud2VicCB8IGh0dHBzOi8vaHR0cDIubWxzdGF0aWMuY29tL0RfTlFfTlBfOTQ2NzIwLU1MVTEwMzQ5NDMyMTExNl8wMTIwMjYtRi1udWxsLndlYnA=,aHR0cHM6Ly9odHRwMi5tbHN0YXRpYy5jb20vRF9OUV9OUF84NTg1NDQtTUxVMTAzNDk0MzIxMTA2XzAxMjAyNi1PLndlYnA=,aHR0cHM6Ly9jYXNhLm1lcmNhZG9saWJyZS5jb20udXkvTUxVLTEwMjY3MDI4NDgtY2FzYS1lbi1hbHF1aWxlci1lbi1sYS1qdWFuYS1fSk0jcG9seWNhcmRfY2xpZW50PXNlYXJjaC1kZXNrdG9wJnNlYXJjaF9sYXlvdXQ9Z3JpZCZwb3NpdGlvbj00MCZ0eXBlPWl0ZW0mdHJhY2tpbmdfaWQ9ZTM2MTYyNzItMmIzNC00MDc4LWI0MDktNWUwNDg0Mjk3MWFj,2026-02-25T20:50:15.980150+00:00
TUxVMTAxNzc2MDUyNg==,alquiler,casas,Q2FzYSBFbiBBbHF1aWxlciBFbiBDb2zDs24=,25000.0,UYU,active,used,"Colón, Colón",,Montevideo,-34.813451,-56.218565,66.0,47.0,2.0,1.0,0.0,,2.0,,,INMOBILIARIAGAMBERONI,real_estate_agency,141824312.0,"Calle Roque Viera 1706 esquina Casavalle. Casa con techo de plancha, dos dormitorios, living comedor, cocina revestida en cerámica, baño, patio al fondo. 
Aberturas en madera con postigos. 
Garantías aceptadas: Fideciu, Anda, Contaduría, Aseguradoras.",aHR0cHM6Ly9odHRwMi5tbHN0YXRpYy5jb20vRF9OUV9OUF85OTc2MzQtTUxVMTAzMjYyNDQyNjUzXzEyMjAyNS1GLW51bGwud2VicCB8IGh0dHBzOi8vaHR0cDIubWxzdGF0aWMuY29tL0RfTlFfTlBfODYzNTcyLU1MVTEwMjc0OTYxODQxOF8xMjIwMjUtRi1udWxsLndlYnAgfCBodHRwczovL2h0dHAyLm1sc3RhdGljLmNvbS9EX05RX05QXzkzNTU0Ny1NTFUxMDI3NDk1NjAyMjZfMTIyMDI1LUYtbnVsbC53ZWJwIHwgaHR0cHM6Ly9odHRwMi5tbHN0YXRpYy5jb20vRF9OUV9OUF83OTAzMTktTUxVMTAzMjYyNTk5NjkxXzEyMjAyNS1GLW51bGwud2VicCB8IGh0dHBzOi8vaHR0cDIubWxzdGF0aWMuY29tL0RfTlFfTlBfOTk3NzY4LU1MVTEwMjc0OTYzODMxOF8xMjIwMjUtRi1udWxsLndlYnA=,aHR0cHM6Ly9odHRwMi5tbHN0YXRpYy5jb20vRF9OUV9OUF85OTc2MzQtTUxVMTAzMjYyNDQyNjUzXzEyMjAyNS1PLndlYnA=,aHR0cHM6Ly9jYXNhLm1lcmNhZG9saWJyZS5jb20udXkvTUxVLTEwMTc3NjA1MjYtY2FzYS1lbi1hbHF1aWxlci1lbi1jb2xvbi1fSk0jcG9seWNhcmRfY2xpZW50PXNlYXJjaC1kZXNrdG9wJnNlYXJjaF9sYXlvdXQ9Z3JpZCZwb3NpdGlvbj0yMyZ0eXBlPWl0ZW0mdHJhY2tpbmdfaWQ9Y2Y1MDllYjYtYTdkYi00ZGU1LWEzNTQtMGFiNGZkZmRmZGVk,2026-02-25T20:33:56.794077+00:00
TUxVMTA5NDk0Mjg3MA==,venta,apartamentos,QXBhcnRhbWVudG8gIDEgRG9ybWl0b3JpbyBFbiBDb3Jkw7NuIEpvYXF1aW4gUmVxdWVuYSBFc3EuIFJvZMOz,26000.0,UYU,active,used,"Dr. Joaquín Requena 1372 bis, Montevideo, Cordón",,Montevideo,-34.902889,-56.1689142,45.0,45.0,1.0,1.0,0.0,3.0,30.0,3500.0,Ascensor,INMOBILIARIAEQUILATERO1,real_estate_agency,1864453938.0,"Apartamento 
1 Dormitorio
En Cordón
Joaquin Requena esq. Rodó
---------------
Apartamento en piso 3 por ascensor
Amplio y luminoso living comedor 
Cocina integrada con mueble sobre y bajo mesada 
1 Dormitorio con placar
1 Baño completo con conexión a lavarropas
--------------
Alquiler: $26.000
Gastos comunes: $3.500
Garantías: Seguros

INMOBILIARIA EQUILATERO",aHR0cHM6Ly9odHRwMi5tbHN0YXRpYy5jb20vRF9OUV9OUF84Mzk2OTUtTUxVMTA2ODQ0ODE5MzM0XzAyMjAyNi1GLW51bGwud2VicCB8IGh0dHBzOi8vaHR0cDIubWxzdGF0aWMuY29tL0RfTlFfTlBfNjMyNjk5LU1MVTEwNzUyMDc4ODU4MV8wMjIwMjYtRi1udWxsLndlYnAgfCBodHRwczovL2h0dHAyLm1sc3RhdGljLmNvbS9EX05RX05QXzYxMzk5Ni1NTFUxMDc1MTk4NzExODlfMDIyMDI2LUYtbnVsbC53ZWJwIHwgaHR0cHM6Ly9odHRwMi5tbHN0YXRpYy5jb20vRF9OUV9OUF83OTQxODItTUxVMTA2ODQ0MjkzNDQ2XzAyMjAyNi1GLW51bGwud2VicCB8IGh0dHBzOi8vaHR0cDIubWxzdGF0aWMuY29tL0RfTlFfTlBfODEzMjA5LU1MVTEwNzUxOTc4MTMzM18wMjIwMjYtRi1udWxsLndlYnA=,aHR0cHM6Ly9odHRwMi5tbHN0YXRpYy5jb20vRF9OUV9OUF84Mzk2OTUtTUxVMTA2ODQ0ODE5MzM0XzAyMjAyNi1PLndlYnA=,aHR0cHM6Ly9hcGFydGFtZW50by5tZXJjYWRvbGlicmUuY29tLnV5L01MVS0xMDk0OTQyODcwLWFwYXJ0YW1lbnRvLTEtZG9ybWl0b3Jpby1lbi1jb3Jkb24tam9hcXVpbi1yZXF1ZW5hLWVzcS1yb2RvLV9KTSNwb2x5Y2FyZF9jbGllbnQ9c2VhcmNoLWRlc2t0b3Amc2VhcmNoX2xheW91dD1ncmlkJnBvc2l0aW9uPTMyJnR5cGU9aXRlbSZ0cmFja2luZ19pZD03OTk0MTZjNC1mZmU3LTQzM2EtYTE3NC1jYTYxMjJlZWYyOGE=,2026-02-24T23:33:33.029882+00:00
TUxVNzY5ODUyNDUy,venta,apartamentos,VmVudGEgRGUgRXhjZWxlbnRlIE1vbm9hbWJpZW50ZSBTb2JyZSBBdi4gSXRhbGlhIENvbiBQYXRpbw==,110000.0,USD,active,new,"Parque Batlle, Parque Batlle",,Montevideo,-34.8957713,-56.1475241,40.0,0.0,0.0,1.0,0.0,,,,,INMOBILIARIA GABAL,real_estate_agency,107366096.0,"EDIFICIO CON PORTERÍA, BARBACOA, Y LAVADERO

Dirección: Avenida Italia esq. Pte. Berro

Monoambiente con kitchenette y placares sobre y bajo mesada,
Patio de uso exclusivo
baño completo.
El edificio cuenta con barbacoa y lavadero.
Unidad al contra frente excelente iluminación.

Venta u$s 110.000
Gastos comunes $ 2577
Superficie: 25m2 - Patio 15m2
Actualmente alquilado!
Garantia: ANDA

Portería de 13 a 20 hs
Barbacoa 1UR



Nai - 41",aHR0cHM6Ly9odHRwMi5tbHN0YXRpYy5jb20vRF9OUV9OUF84NzcwODQtTUxVODczMDQxMzA5NDFfMDcyMDI1LUYtbnVsbC53ZWJwIHwgaHR0cHM6Ly9odHRwMi5tbHN0YXRpYy5jb20vRF9OUV9OUF84MDA3NTEtTUxVODczMDQxMzA5MzVfMDcyMDI1LUYtbnVsbC53ZWJwIHwgaHR0cHM6Ly9odHRwMi5tbHN0YXRpYy5jb20vRF9OUV9OUF85NzA3NzMtTUxVODczMDQxMzA5MzlfMDcyMDI1LUYtbnVsbC53ZWJwIHwgaHR0cHM6Ly9odHRwMi5tbHN0YXRpYy5jb20vRF9OUV9OUF83MzIyMjQtTUxVODczMDQxMzA5MzdfMDcyMDI1LUYtbnVsbC53ZWJwIHwgaHR0cHM6Ly9odHRwMi5tbHN0YXRpYy5jb20vRF9OUV9OUF84NzM3MTgtTUxVODczMDQxMzA5MzNfMDcyMDI1LUYtbnVsbC53ZWJw,aHR0cHM6Ly9odHRwMi5tbHN0YXRpYy5jb20vRF9OUV9OUF84NzcwODQtTUxVODczMDQxMzA5NDFfMDcyMDI1LU8ud2VicA==,aHR0cHM6Ly9hcGFydGFtZW50by5tZXJjYWRvbGlicmUuY29tLnV5L01MVS03Njk4NTI0NTItdmVudGEtZGUtZXhjZWxlbnRlLW1vbm9hbWJpZW50ZS1zb2JyZS1hdi1pdGFsaWEtY29uLXBhdGlvLV9KTSNwb2x5Y2FyZF9jbGllbnQ9c2VhcmNoLWRlc2t0b3Amc2VhcmNoX2xheW91dD1ncmlkJnBvc2l0aW9uPTM2JnR5cGU9aXRlbSZ0cmFja2luZ19pZD02ZTI1Y2M3My1iMTc2LTQ0YzAtOGQ3MC02OTNjYTUzYjYyNjM=,2026-02-24T22:54:38.929834+00:00
TUxVMTAyNjI0NzUwNA==,alquiler,apartamentos,QXBhcnRhbWVudG8gRW4gQWxxdWlsZXIgRW4gQ2VudHJv,29900.0,UYU,active,used,"Canelones 1066, Montevideo, Centro",,Montevideo,-34.9089689,-56.1929917,53.0,48.0,2.0,1.0,0.0,1.0,2.0,7000.0,Rampa para silla de ruedas | Cowork | Acceso a internet | Salón de usos múltiples | Ascensor | Recepción | Área de lavandería | Salón de fiestas,GONZÁLEZ&VIETA,real_estate_agency,263976786.0,"01 SYNC: Un proyecto en el corazón de Montevideo

Ubicado en la calle Canelones 1068, en el límite estratégico entre el Barrio Sur y el Centro, se presenta este moderno apartamento en un proyecto terminado en 2024 y el apartamento entregado en 2025.

01 SYNC te invita a experimentar una forma de vida moderna e interconectada, fusionando espacios para vivir, trabajar y disfrutar en un solo lugar.

El Apartamento

Este apartamento en alquiler de 2 dormitorios y 53 m² es un verdadero refugio en la ciudad, diseñado para quienes buscan máxima comodidad y funcionalidad. Se destaca por su avanzado kit de domótica que te permite controlar la iluminación, las cortinas y las cerraduras electrónicas, optimizando tu día a día con un solo click. Su disposición frente a calle Canelones asegura un ambiente sereno y privado. La orientación Norte garantiza una excelente iluminación natural durante todo el año.

Asimismo, cuenta con un espacioso living comedor equipado con aire acondicionado. La cocina posee horno Panavox y campana extractora, así como un placard auxiliar con calefón James de 40 lts. Ambos dormitorios cuentan con placares, persianas y cortinas. 

Amenities del Edificio

Con apartamentos distribuidos en dos torres, 01 SYNC ofrece una amplia gama de servicios y espacios comunes para tu bienestar:

- Rooftop con parrilleros y vistas panorámicas a la ciudad, la rambla y el mar

- Espacios de trabajo y relax

- Área de coworking y salas de reunión

- Área de coliving con salón de usos múltiples y kitchenette

Servicios de bienestar:

- Gimnasio

- Wet spa

- Patio interno

- Solárium

Comodidades adicionales:

- Laundry con zona de tenders

- Bike parking en estacionamiento PB

GC: $ 7.000 aprox

Garantias aceptadas:

- Anda - CGN - Aseguradoras preferentemente",aHR0cHM6Ly9odHRwMi5tbHN0YXRpYy5jb20vRF9OUV9OUF84NDMwNzYtTUxVMTAzOTc3MTQ0NDYxXzAxMjAyNi1GLW51bGwud2VicCB8IGh0dHBzOi8vaHR0cDIubWxzdGF0aWMuY29tL0RfTlFfTlBfNjYyMDM2LU1MVTEwMzk4MTQxNzA0M18wMTIwMjYtRi1udWxsLndlYnAgfCBodHRwczovL2h0dHAyLm1sc3RhdGljLmNvbS9EX05RX05QXzg2NzUwOC1NTFUxMDM5ODIyMjAzMjlfMDEyMDI2LUYtbnVsbC53ZWJwIHwgaHR0cHM6Ly9odHRwMi5tbHN0YXRpYy5jb20vRF9OUV9OUF83ODIxMDUtTUxVMTAzOTgyMTAxMzczXzAxMjAyNi1GLW51bGwud2VicCB8IGh0dHBzOi8vaHR0cDIubWxzdGF0aWMuY29tL0RfTlFfTlBfNjIxMTkwLU1MVTEwMzk4MTQxNzA1M18wMTIwMjYtRi1udWxsLndlYnA=,aHR0cHM6Ly9odHRwMi5tbHN0YXRpYy5jb20vRF9OUV9OUF84NDMwNzYtTUxVMTAzOTc3MTQ0NDYxXzAxMjAyNi1PLndlYnA=,aHR0cHM6Ly9hcGFydGFtZW50by5tZXJjYWRvbGlicmUuY29tLnV5L01MVS0xMDI2MjQ3NTA0LWFwYXJ0YW1lbnRvLWVuLWFscXVpbGVyLWVuLWNlbnRyby1fSk0jcG9seWNhcmRfY2xpZW50PXNlYXJjaC1kZXNrdG9wJnNlYXJjaF9sYXlvdXQ9Z3JpZCZwb3NpdGlvbj00JnR5cGU9aXRlbSZ0cmFja2luZ19pZD0zYmFhYzFkMy1hZTY1LTQ1MTItYjMzMC1hNjMyOTAzNmNjMTY=,2026-02-25T18:03:54.690842+00:00
TUxVMTA0MDQwODI2NA==,alquiler,casas,Q2FzYSBFbiBBbHF1aWxlciBFbiBFbCBQaW5hcg==,59000.0,UYU,active,used,"El Pinar, El Pinar",,Canelones,-34.7902813,-55.9515667,2000.0,120.0,2.0,2.0,2.0,,46.0,0.0,Estacionamiento para visitas | Chimenea | Parrillero | Con área verde | Heladera | Cisterna,LAND PROPIEDADES,real_estate_agency,712589662.0,"ALQUILER - CASA EN ENTORNO NATURAL ÚNICO | CIUDAD DE LA COSTA 
Viví rodeado de verde, tranquilidad y naturaleza, a minutos de todo.
Hermosa casa ubicada en Ciudad de la Costa, en una zona privilegiada próxima a La Cantera, entre Mirador de la Tahona y ruta interbalnearia (a 1 km de esta), sobre un espectacular terreno de 2.000 m, donde el verde es protagonista absoluto y la paz se siente en cada rincón.
La propiedad ofrece un entorno inigualable: vistas abiertas, árboles frutales, mucha sombra, un lago con patitos, y la presencia de caballos gracias a un predio lindero, que aporta una sensación de campo permanente, ideal para quienes buscan desconectarse sin alejarse de la ciudad.
Características de la casa:
2 dormitorios
2 baños (uno en suite)
Espacio adicional ideal para escritorio o home office
Living integrado a la cocina con estufa a leña
Aire acondicionado en todos los ambientes
Casa cómoda, luminosa y funcional, solida de paredes dobles techo de planchada.
Agua de pozo.
Exterior:
Gran terreno parquizado de 2.000 m
Parrillero (no techado), pero cuenta con un espacio techado para comer en familia al aire libre.
Árboles frutales y amplios espacios verdes
Mucha privacidad y silencio
A solo 5 a 10 minutos de centros comerciales, con excelente conexión y todos los servicios cerca, pero con la sensación de estar viviendo en el campo.
Ideal para quienes valoran la naturaleza, la tranquilidad y el espacio, sin resignar confort ni ubicación.
    Garantia: Aseguradoras
No deje pasar esta oportunidad única, llamenos ahora y coordine una visita. Propiedad disponible a partir de Febrero 2026.",aHR0cHM6Ly9odHRwMi5tbHN0YXRpYy5jb20vRF9OUV9OUF85ODUzMTMtTUxVMTA1NDg0NzYwNjE5XzAxMjAyNi1GLW51bGwud2VicCB8IGh0dHBzOi8vaHR0cDIubWxzdGF0aWMuY29tL0RfTlFfTlBfNzk5OTkxLU1MVTEwNTQ2MzUxOTI0M18wMTIwMjYtRi1udWxsLndlYnAgfCBodHRwczovL2h0dHAyLm1sc3RhdGljLmNvbS9EX05RX05QXzczNTk0NS1NTFUxMDU0NjQwODIxNDdfMDEyMDI2LUYtbnVsbC53ZWJwIHwgaHR0cHM6Ly9odHRwMi5tbHN0YXRpYy5jb20vRF9OUV9OUF82NzA3MTYtTUxVMTA0ODk1ODQxOTk4XzAxMjAyNi1GLW51bGwud2VicCB8IGh0dHBzOi8vaHR0cDIubWxzdGF0aWMuY29tL0RfTlFfTlBfODA2ODg0LU1MVTEwNTQ2MzQyOTYzMV8wMTIwMjYtRi1udWxsLndlYnA=,aHR0cHM6Ly9odHRwMi5tbHN0YXRpYy5jb20vRF9OUV9OUF85ODUzMTMtTUxVMTA1NDg0NzYwNjE5XzAxMjAyNi1PLndlYnA=,aHR0cHM6Ly9jYXNhLm1lcmNhZG9saWJyZS5jb20udXkvTUxVLTEwNDA0MDgyNjQtY2FzYS1lbi1hbHF1aWxlci1lbi1lbC1waW5hci1fSk0jcG9seWNhcmRfY2xpZW50PXNlYXJjaC1kZXNrdG9wJnNlYXJjaF9sYXlvdXQ9Z3JpZCZwb3NpdGlvbj0yNSZ0eXBlPWl0ZW0mdHJhY2tpbmdfaWQ9ZTM2MTYyNzItMmIzNC00MDc4LWI0MDktNWUwNDg0Mjk3MWFj,2026-02-25T20:50:43.711580+00:00
TUxVMTA5NTA0NjY2NA==,alquiler,casas,QWxxdWlsZXIgfCBDYXNhIEVuIFRyZXMgQ3J1Y2VzICg0IERvcm1pdG9yaW9zKQ==,38500.0,UYU,active,new,"Justicia 1860, 1862, 11200 Montevideo, Uruguay, Villa Muñoz",,Montevideo,-34.8945492,-56.178387,80.0,80.0,4.0,2.0,0.0,,0.0,0.0,,INMOBILIARIA IMPERIUM,real_estate_agency,288208199.0,"PRECIO: $38.500

SIN GASTOS COMUNES

Esta casa es perfecta para quienes buscan comodidad y estilo en el corazón de Montevideo.

Con 6 amplios ambientes, cada rincón está diseñado para maximizar el uso del espacio, brindando un hogar acogedor y funcional.

Además, su cercanía a servicios y transporte la convierte en una opción inmejorable para el día a día.

Características Destacadas:

4 dormitorios 

2 baños 

Patio privado ideal para reuniones

Amoblada y lista para habitar

Asesora Inmobiliaria: Lucía Froufe

Imperium Quality Center",aHR0cHM6Ly9odHRwMi5tbHN0YXRpYy5jb20vRF9OUV9OUF82Mjc0MTItTUxVMTA3NTIxNzg0MTg1XzAyMjAyNi1GLW51bGwud2VicCB8IGh0dHBzOi8vaHR0cDIubWxzdGF0aWMuY29tL0RfTlFfTlBfNjA3OTU0LU1MVTEwNzUyMTc4NDIyN18wMjIwMjYtRi1udWxsLndlYnAgfCBodHRwczovL2h0dHAyLm1sc3RhdGljLmNvbS9EX05RX05QXzkxMTM3Ni1NTFUxMDc1MjE3ODQyMTlfMDIyMDI2LUYtbnVsbC53ZWJwIHwgaHR0cHM6Ly9odHRwMi5tbHN0YXRpYy5jb20vRF9OUV9OUF83NjQyMzgtTUxVMTA3NTIxNzg0MjI5XzAyMjAyNi1GLW51bGwud2VicCB8IGh0dHBzOi8vaHR0cDIubWxzdGF0aWMuY29tL0RfTlFfTlBfOTQ4ODkzLU1MVTEwNzUyMTc4NDE5N18wMjIwMjYtRi1udWxsLndlYnA=,aHR0cHM6Ly9odHRwMi5tbHN0YXRpYy5jb20vRF9OUV9OUF82Mjc0MTItTUxVMTA3NTIxNzg0MTg1XzAyMjAyNi1PLndlYnA=,aHR0cHM6Ly9jYXNhLm1lcmNhZG9saWJyZS5jb20udXkvTUxVLTEwOTUwNDY2NjQtYWxxdWlsZXItY2FzYS1lbi10cmVzLWNydWNlcy00LWRvcm1pdG9yaW9zLV9KTSNwb2x5Y2FyZF9jbGllbnQ9c2VhcmNoLWRlc2t0b3Amc2VhcmNoX2xheW91dD1ncmlkJnBvc2l0aW9uPTQ3JnR5cGU9aXRlbSZ0cmFja2luZ19pZD0xNGFhZjZiMy1lNDA4LTQ1NzEtOThjOC1kODM5OTc5OGYwYTA=,2026-02-25T19:58:58.715234+00:00
TUxVMTA4OTk3Njg3NA==,venta,casas,SGVybW9zYSBDYXNhIEVuIEdyYW4gVGVycmVubyBZICBQb3RlbmNpYWxpZGFkIERlIFVuIFNlZ3VuZG8gTml2ZWwgVWJpY2FkYSAgU29icmUgVW5hIERlIExhcyBDYWxsZXMgTcOhcyBMaW5kYSBZIENlcnJhZGE=,105000.0,USD,active,used,,,,-34.5915049,-54.1278475,588.0,70.0,1.0,1.0,1.0,,15.0,,Estacionamiento para visitas | Con área verde | Heladera,ROSI750284,,,"Casa de 70 m2 con buena distribución y gran versatilidad de uso.Cuenta con cocina definida,sector de comedor y amplio ambiente al frente luminoso actualmente utilizado cómo dormitorio.Pasillo de distribución y sector con placares.Baño completo de buenas dimensiones y circulación con amplios espacios de guardado que optimizan el uso de la casa.Su planta permite varias configuraciones tales cómo espacio social amplio,dormitorio independiente o incluso la posibilidad de generar una división liviana según necesidades.Una propuesta ideal para quienes buscan amplitud ,luz natural y flexibilidad en un espacio que se adapta a distintas formas de habitar.Por más información comunicarse con Jourdan Negocios Inmobiliarios",aHR0cHM6Ly9odHRwMi5tbHN0YXRpYy5jb20vRF9OUV9OUF83MzcxODItTUxVMTA2Nzc3NzYyODk2XzAyMjAyNi1GLW51bGwud2VicCB8IGh0dHBzOi8vaHR0cDIubWxzdGF0aWMuY29tL0RfTlFfTlBfOTM1OTU0LU1MVTEwNjc3NTg1NTc3OF8wMjIwMjYtRi1udWxsLndlYnAgfCBodHRwczovL2h0dHAyLm1sc3RhdGljLmNvbS9EX05RX05QXzYzMDM3OS1NTFUxMDY3NzU4NDc2NTBfMDIyMDI2LUYtbnVsbC53ZWJwIHwgaHR0cHM6Ly9odHRwMi5tbHN0YXRpYy5jb20vRF9OUV9OUF83OTA3OTktTUxVMTA2Nzc3NjA1MDEwXzAyMjAyNi1GLW51bGwud2VicCB8IGh0dHBzOi8vaHR0cDIubWxzdGF0aWMuY29tL0RfTlFfTlBfNzA0MDkwLU1MVTEwNzQ0NTM0OTQ3MV8wMjIwMjYtRi1udWxsLndlYnA=,aHR0cHM6Ly9odHRwMi5tbHN0YXRpYy5jb20vRF9OUV9OUF83MzcxODItTUxVMTA2Nzc3NzYyODk2XzAyMjAyNi1PLndlYnA=,aHR0cHM6Ly9jYXNhLm1lcmNhZG9saWJyZS5jb20udXkvTUxVLTEwODk5NzY4NzQtaGVybW9zYS1jYXNhLWVuLWdyYW4tdGVycmVuby15LXBvdGVuY2lhbGlkYWQtZGUtdW4tc2VndW5kby1uaXZlbC11YmljYWRhLXNvYnJlLXVuYS1kZS1sYXMtY2FsbGVzLW1hcy1saW5kYS15LWNlcnJhZGEtX0pNI3BvbHljYXJkX2NsaWVudD1zZWFyY2gtZGVza3RvcCZzZWFyY2hfbGF5b3V0PWdyaWQmcG9zaXRpb249NyZ0eXBlPWl0ZW0mdHJhY2tpbmdfaWQ9Mzc4Y2RiMjctY2YyZi00ZDZkLTk2Y2QtMjFkYmE0YTNiZGNh,2026-02-25T18:26:33.380800+00:00
TUxVMTA5MDA0NzA0MA==,venta,apartamentos,QXBhcnRhbWVudG8gRW4gVmVudGEgRW4gUGFsZXJtbw==,135000.0,USD,active,used,"San Salvador y Lorenzo Carnelli, Palermo",,Montevideo,-34.90551,-56.1781501,42.0,40.0,1.0,1.0,0.0,1.0,33.0,2800.0,Acceso a internet | Salón de usos múltiples | Ascensor | Área de lavandería,Housi,real_estate_agency,50145531.0,"Apartamento en venta en Palermo Moderno, luminoso y con beneficios fiscales hasta 2031

En el corazón de Palermo, uno de los barrios con mayor crecimiento y renovación de Montevideo, se encuentra este hermoso apartamento construido en 2021 bajo la Ley de Vivienda Promovida, lo que garantiza importantes exoneraciones fiscales incluyendo IRPF hasta el año 2031. Una oportunidad ideal tanto para vivir como para invertir con seguridad y rentabilidad asegurada.

La unidad se sitúa al frente, con una excelente orientación Norte que asegura luz natural durante todo el día. Está ubicada en un primer piso al que se accede por una escalera amplia y cómoda, y se distingue por su distribución funcional y ambientes muy agradables.

Al ingresar, encontramos un living-comedor luminoso, con salida directa al balcón del frente, perfecto para disfrutar del aire libre, la luz y la dinámica del barrio. La cocina semi-integrada, separada por una moderna barra, ofrece una experiencia práctica y estética a la vez. Se presenta equipada con placares sobre y bajo mesada, campana de extracción y espacio para todos los electrodomésticos habituales de cocina.

El dormitorio, también orientado al frente, recibe excelente iluminación y cuenta con placard empotrado, ofreciendo un almacenamiento cómodo y bien resuelto.
El baño completo suma aún más funcionalidad, incorporando área y conexión para lavarropas.

El edificio es moderno, íntimo y muy tranquilo, compuesto únicamente por seis unidades, lo que permite mantener gastos comunes bajos (aprox. $2.800). Entre sus comodidades se destacan:
 Espacio común para guardar bicicletas
 Barbacoa con parrillero en la azotea, ideal para reuniones y disfrute, con una vista encantadora hacia la Rambla

La ubicación es uno de sus mayores atractivos: el apartamento está en San Salvador y Lorenzo Carnelli, una zona residencial, silenciosa y con excelente luminosidad. A solo dos cuadras de la Rambla, a minutos del Centro y de Parque Rodó, con locomoción fluida a lo largo de Gonzalo Ramírez y Canelones.
Además, se encuentra cerca de supermercados, comercios de cercanía y servicios esenciales del barrio.

Actualmente, la unidad se encuentra alquilada con garantía de Contaduría General de la Nación, con contrato vigente hasta principios de diciembre de 2026, lo que asegura una renta estable para quien desee invertir.

Una propiedad moderna, bien ubicada y con beneficios tributarios por varios años más. Una oportunidad que combina ubicación, diseño, renta y calidad de vida en una de las zonas más atractivas de Montevideo.",aHR0cHM6Ly9odHRwMi5tbHN0YXRpYy5jb20vRF9OUV9OUF82ODUxODEtTUxVMTA2Nzk0NTE2MTM2XzAyMjAyNi1GLW51bGwud2VicCB8IGh0dHBzOi8vaHR0cDIubWxzdGF0aWMuY29tL0RfTlFfTlBfOTk3OTU1LU1MVTEwNjc5NDUxNjE1MF8wMjIwMjYtRi1udWxsLndlYnAgfCBodHRwczovL2h0dHAyLm1sc3RhdGljLmNvbS9EX05RX05QXzkyMTQ3MC1NTFUxMDY3OTQ1MTYxMjhfMDIyMDI2LUYtbnVsbC53ZWJwIHwgaHR0cHM6Ly9odHRwMi5tbHN0YXRpYy5jb20vRF9OUV9OUF83NDQ1NzAtTUxVMTA2Nzk0NTE2MTUyXzAyMjAyNi1GLW51bGwud2VicCB8IGh0dHBzOi8vaHR0cDIubWxzdGF0aWMuY29tL0RfTlFfTlBfODUyNDg0LU1MVTEwNjc5NDUxNjE1NF8wMjIwMjYtRi1udWxsLndlYnA=,aHR0cHM6Ly9odHRwMi5tbHN0YXRpYy5jb20vRF9OUV9OUF82ODUxODEtTUxVMTA2Nzk0NTE2MTM2XzAyMjAyNi1PLndlYnA=,aHR0cHM6Ly9hcGFydGFtZW50by5tZXJjYWRvbGlicmUuY29tLnV5L01MVS0xMDkwMDQ3MDQwLWFwYXJ0YW1lbnRvLWVuLXZlbnRhLWVuLXBhbGVybW8tX0pNI3BvbHljYXJkX2NsaWVudD1zZWFyY2gtZGVza3RvcCZzZWFyY2hfbGF5b3V0PWdyaWQmcG9zaXRpb249MyZ0eXBlPWl0ZW0mdHJhY2tpbmdfaWQ9ZmUwYmNlM2MtODdmYi00YjgzLTgzNjgtMmZmMTU1YjA3NDdl,2026-02-24T22:48:37.234279+00:00
TUxVODUzMDY5MTE4,venta,apartamentos,VmVudGEgQXBhcnRhbWVudG8gNCBEb3JtaXRvcmlvcyBDb24gUGF0aW8gQmFsY29uIFkgR2FyYWdlIEVuIFBhcnF1ZSBSb2TDsw==,298000.0,USD,active,new,"Bv. Gral. Artigas 1000, Parque Rodó",,Montevideo,-34.9103672,-56.1629258,144.0,101.0,4.0,2.0,1.0,2.0,0.0,22400.0,Con área verde | Acceso a internet | Gimnasio | Estacionamiento para visitas,GLOBAL CAPITAL,real_estate_agency,667590561.0,"Tenemos tour virtual, consulte, estamos para asesorarlo. Ubicado en la en la hermosa zona de Parque Rodo, este apartamento en venta ofrece una oportunidad unica para aquellos que buscan comodidad y calidad de vida. Esta propiedad destaca por su excelente distribucion, la cual garantiza un ambiente iluminado y ventilado en todos sus espacios. Con una superficie total de 144 m2, de los cuales 101 m2 son cubiertos, este apartamento cuenta con 4 dormitorios, 2 banos, una amplia cocina, un acogedor living-comedor y un encantador balcon que invita a disfrutar del aire libre.
El apartamento, apto para credito, presenta caracteristicas ideales para el perfil profesional y familiar. Entre sus multiples comodidades. Ademas, dispone de un gran patio perfecto para reuniones y actividades al aire libre. La propiedad cuenta con cochera cubierta, lo que anade un valor significativo para quienes buscan seguridad y conveniencia en su dia a dia. Con gastos comunes de UY$22.400, con  calefaccion centralizada incluida en los Gastos comunes se trata de una opcion atractiva en un barrio de gran demanda. No pierda la oportunidad de visitar este excepcional apartamento que combina ubicacion, funcionalidad y un entorno agradable, ideal para disfrutar de la vida urbana en una de las zonas mas encantadoras de la ciudad.
Tenemos tour virtual, consulte, estamos para asesorarlo...",aHR0cHM6Ly9odHRwMi5tbHN0YXRpYy5jb20vRF9OUV9OUF84NzMyMjgtTUxVOTE3MjM0NjI2MDBfMDkyMDI1LUYtbnVsbC53ZWJwIHwgaHR0cHM6Ly9odHRwMi5tbHN0YXRpYy5jb20vRF9OUV9OUF82MTIxMTgtTUxVOTE3MjM0NjI2MDRfMDkyMDI1LUYtbnVsbC53ZWJwIHwgaHR0cHM6Ly9odHRwMi5tbHN0YXRpYy5jb20vRF9OUV9OUF82OTU1OTgtTUxVOTE3MjM0NjI2MjBfMDkyMDI1LUYtbnVsbC53ZWJwIHwgaHR0cHM6Ly9odHRwMi5tbHN0YXRpYy5jb20vRF9OUV9OUF84OTE1NDktTUxVOTE3MjM0NjI2MjRfMDkyMDI1LUYtbnVsbC53ZWJwIHwgaHR0cHM6Ly9odHRwMi5tbHN0YXRpYy5jb20vRF9OUV9OUF85MzA2NDEtTUxVOTE3MjM0NjI2MjJfMDkyMDI1LUYtbnVsbC53ZWJw,aHR0cHM6Ly9odHRwMi5tbHN0YXRpYy5jb20vRF9OUV9OUF84NzMyMjgtTUxVOTE3MjM0NjI2MDBfMDkyMDI1LU8ud2VicA==,aHR0cHM6Ly9hcGFydGFtZW50by5tZXJjYWRvbGlicmUuY29tLnV5L01MVS04NTMwNjkxMTgtdmVudGEtYXBhcnRhbWVudG8tNC1kb3JtaXRvcmlvcy1jb24tcGF0aW8tYmFsY29uLXktZ2FyYWdlLWVuLXBhcnF1ZS1yb2RvLV9KTSNwb2x5Y2FyZF9jbGllbnQ9c2VhcmNoLWRlc2t0b3Amc2VhcmNoX2xheW91dD1ncmlkJnBvc2l0aW9uPTIzJnR5cGU9aXRlbSZ0cmFja2luZ19pZD1lOTQxMjQ3Mi1jYmVlLTQ1NTEtOWI5ZC0yMzNhNDI4ZDJhMTk=,2026-02-24T23:32:24.052021+00:00
TUxVMTA2NDgwMjQ0Mg==,alquiler,apartamentos,QWxxdWlsZXIgQXBhcnRhbWVudG8gMyBEb3JtaXRvcmlvcyBUcmVzIENydWNlcyBNb250ZXZpZGVvIE4=,25000.0,UYU,active,used,"Pagola esq. Inca., Tres Cruces",,Montevideo,-34.8908694,-56.178193,59.0,59.0,3.0,1.0,0.0,2.0,,2300.0,Azotea,BONSAIPROPIEDADESS,real_estate_agency,1216277991.0,"Dirección: Pagola esq. Inca. 

Alquiler: $ 26.000
Gastos comunes: $ 2.300
Garantías: Anda, CGN, Aseguradoras.

* Descripción de la propiedad:
- Living comedor.
- 3 Dormitorios todos con ventilación natural.
- Entrepiso ideal para escritorio o deposito.
- Azotea transitable de uso exclusivo.
- Conexión para lavarropas.
- Bajos gastos comunes.
- Disposición frente.
- Claraboya en living-comedor.
- Piso 1 por escalera.
- Baño completo.

* Comisión Inmobiliaria: 1 mes de alquiler + IVA.

Bonsai Propiedades.
Nahuel Acuña.

Referencia Tera: BSI-902


 La ubicación en el mapa es generada automáticamente y puede NO ser exacta la de la propiedad. Consultenos",aHR0cHM6Ly9odHRwMi5tbHN0YXRpYy5jb20vRF9OUV9OUF83MzU4NTktTUxVMTA2NDY4MDI4MTAwXzAyMjAyNi1GLW51bGwud2VicCB8IGh0dHBzOi8vaHR0cDIubWxzdGF0aWMuY29tL0RfTlFfTlBfODY0ODY3LU1MVTEwNjQ2NzcyODY4Ml8wMjIwMjYtRi1udWxsLndlYnAgfCBodHRwczovL2h0dHAyLm1sc3RhdGljLmNvbS9EX05RX05QXzg0MzA4NC1NTFUxMDY0NzA1OTE4MTBfMDIyMDI2LUYtbnVsbC53ZWJwIHwgaHR0cHM6Ly9odHRwMi5tbHN0YXRpYy5jb20vRF9OUV9OUF85ODI5MTgtTUxVMTA3MTEyNDQ0ODk3XzAyMjAyNi1GLW51bGwud2VicCB8IGh0dHBzOi8vaHR0cDIubWxzdGF0aWMuY29tL0RfTlFfTlBfNzEwMTQ2LU1MVTEwNjQ2OTM0MjEwMF8wMjIwMjYtRi1udWxsLndlYnA=,aHR0cHM6Ly9odHRwMi5tbHN0YXRpYy5jb20vRF9OUV9OUF83MzU4NTktTUxVMTA2NDY4MDI4MTAwXzAyMjAyNi1PLndlYnA=,aHR0cHM6Ly9hcGFydGFtZW50by5tZXJjYWRvbGlicmUuY29tLnV5L01MVS0xMDY0ODAyNDQyLWFscXVpbGVyLWFwYXJ0YW1lbnRvLTMtZG9ybWl0b3Jpb3MtdHJlcy1jcnVjZXMtbW9udGV2aWRlby1uLV9KTSNwb2x5Y2FyZF9jbGllbnQ9c2VhcmNoLWRlc2t0b3Amc2VhcmNoX2xheW91dD1ncmlkJnBvc2l0aW9uPTE5JnR5cGU9aXRlbSZ0cmFja2luZ19pZD0yNDBhZGVhYi03ZTQ5LTQ5YmItOTYzZi03ODdkNzZiNTFhN2Y=,2026-02-25T18:00:37.860221+00:00
TUxVNjUzNjY3NTIz,venta,apartamentos,UHVudGEgRGVsIEVzdGUsIEltcGVyZGlibGUgQSBCcmF2YSAsIEVuIE9icmEhIEFwYXJ0YW1lbnRvIDMgRG9ybSBQaXNvIEFsdG8gQWxib3I=,491000.0,USD,active,new,"Playa Brava, Punta del Este",,Maldonado,-34.9522012,-54.928887,137.0,109.0,3.0,3.0,1.0,22.0,0.0,,Rampa para silla de ruedas | Chimenea | Con área verde | Canchas de usos múltiples | Sauna | Cowork | Acceso a internet | Gimnasio | Salón de usos múltiples | Ascensor | Estacionamiento para visitas | Área de lavandería | Salón de fiestas | Área de juegos infantiles | Área de cine | Azotea,INMOBILIARIA KOSAK,real_estate_agency,185628609.0,"Kosak Punta del Este, en construcción ! Brava a pasos apartamento piso alto 3 dormitorios.

Excepcionales vistas al mar ! Óptima calidad constructiva

Bonificaciones adicionales por tiempo limitado. Conversamos?

Desarrolla amplia planta

Living comedor proa al mar, amplia terraza
Cocina semi-integrada por barra totalmente equipada- Terraza lavadero
Baño social
Área íntima 
3 dormitorios, principal en suite
2 Baño completo
Todos los dormitorios con salida a terraza Vista a Mansa

 Amenities Full
 Playroom 
 Coworking
 Pool Bar Area
 Piscina Externa
 6 Salones Multiuso área
 Piscina Externa/interna Solarium
 Sauna Seco Y Húmedo Hidromasaje 
 Cancha Multipropósito Recepción 24 Horas

 K Punta del Este 


Nai - 1328",aHR0cHM6Ly9odHRwMi5tbHN0YXRpYy5jb20vRF9OUV9OUF83NTk2NjctTUxVOTU4NDY2OTUyMjlfMTAyMDI1LUYtbnVsbC53ZWJwIHwgaHR0cHM6Ly9odHRwMi5tbHN0YXRpYy5jb20vRF9OUV9OUF82ODA0MDAtTUxVOTU4NDY2OTUyMDlfMTAyMDI1LUYtbnVsbC53ZWJwIHwgaHR0cHM6Ly9odHRwMi5tbHN0YXRpYy5jb20vRF9OUV9OUF82MDkxNzItTUxVOTU4NDY2OTUyMjNfMTAyMDI1LUYtbnVsbC53ZWJwIHwgaHR0cHM6Ly9odHRwMi5tbHN0YXRpYy5jb20vRF9OUV9OUF82ODM4OTctTUxVOTU4NDY2OTUyMTNfMTAyMDI1LUYtbnVsbC53ZWJwIHwgaHR0cHM6Ly9odHRwMi5tbHN0YXRpYy5jb20vRF9OUV9OUF83MDUxNTUtTUxVOTU4NDY2OTUyMTFfMTAyMDI1LUYtbnVsbC53ZWJw,aHR0cHM6Ly9odHRwMi5tbHN0YXRpYy5jb20vRF9OUV9OUF83NTk2NjctTUxVOTU4NDY2OTUyMjlfMTAyMDI1LU8ud2VicA==,aHR0cHM6Ly9hcGFydGFtZW50by5tZXJjYWRvbGlicmUuY29tLnV5L01MVS02NTM2Njc1MjMtcHVudGEtZGVsLWVzdGUtaW1wZXJkaWJsZS1hLWJyYXZhLWVuLW9icmEtYXBhcnRhbWVudG8tMy1kb3JtLXBpc28tYWx0by1hbGJvci1fSk0jcG9seWNhcmRfY2xpZW50PXNlYXJjaC1kZXNrdG9wJnNlYXJjaF9sYXlvdXQ9Z3JpZCZwb3NpdGlvbj0yMSZ0eXBlPWl0ZW0mdHJhY2tpbmdfaWQ9ZWMzMzFkNzYtMjAzMC00NzgyLWJhYjAtNDc3YzYwMWVjY2U2,2026-02-24T23:08:38.582167+00:00
TUxVNjYwMTM0NzU1,alquiler,casas,RHVlw7FvIC0gQWxxdWlsbyBDYXNhIEVuIEh1ZXJ0YXMgRGUgTG9zIEhvcm5lcm9zIFRpcG9sb2dpYSAxIFBsdXMuIE1heW9yIFRlcnJlbm8h,112000.0,UYU,active,used,,,,-34.7978935,-55.9739044,620.0,145.0,4.0,3.0,2.0,,2.0,12500.0,Estacionamiento para visitas | Chimenea | Parrillero | Gimnasio | Parque infantil | Con área verde | Cancha de paddle | Salón de fiestas,RFSTRFST,,,"Excelente casa en una planta. Tipologia 1 Plus. 4 Dormitorios, 1 en suite. Baño social + 2 Baños con bañeras. 
Terreno de 620 m2, de los mas grandes. Sin casas en frente y poco transito. 
Mejor orientacion con fondo al Norte. Sin propiedades linderas. 
Soy Propietario.",aHR0cHM6Ly9odHRwMi5tbHN0YXRpYy5jb20vRF9OUV9OUF82MzQ3MTEtTUxVOTI3MDQ2NzE1NjNfMDkyMDI1LUYtbnVsbC53ZWJwIHwgaHR0cHM6Ly9odHRwMi5tbHN0YXRpYy5jb20vRF9OUV9OUF83MzY3ODYtTUxVOTIyOTcyOTE2MDhfMDkyMDI1LUYtbnVsbC53ZWJwIHwgaHR0cHM6Ly9odHRwMi5tbHN0YXRpYy5jb20vRF9OUV9OUF85NjgyMDQtTUxVOTIyOTc1MjYzMjBfMDkyMDI1LUYtbnVsbC53ZWJwIHwgaHR0cHM6Ly9odHRwMi5tbHN0YXRpYy5jb20vRF9OUV9OUF84MjA5MjYtTUxVOTIyOTczMTEwNzRfMDkyMDI1LUYtbnVsbC53ZWJwIHwgaHR0cHM6Ly9odHRwMi5tbHN0YXRpYy5jb20vRF9OUV9OUF82NzE4NjgtTUxVOTIyOTczNDk5NjRfMDkyMDI1LUYtbnVsbC53ZWJw,aHR0cHM6Ly9odHRwMi5tbHN0YXRpYy5jb20vRF9OUV9OUF82MzQ3MTEtTUxVOTI3MDQ2NzE1NjNfMDkyMDI1LU8ud2VicA==,aHR0cHM6Ly9jYXNhLm1lcmNhZG9saWJyZS5jb20udXkvTUxVLTY2MDEzNDc1NS1kdWVuby1hbHF1aWxvLWNhc2EtZW4taHVlcnRhcy1kZS1sb3MtaG9ybmVyb3MtdGlwb2xvZ2lhLTEtcGx1cy1tYXlvci10ZXJyZW5vLV9KTSNwb2x5Y2FyZF9jbGllbnQ9c2VhcmNoLWRlc2t0b3Amc2VhcmNoX2xheW91dD1ncmlkJnBvc2l0aW9uPTQ1JnR5cGU9aXRlbSZ0cmFja2luZ19pZD0wY2JjYTg0OC1kYWZjLTRjYmMtOWU3ZS0zZGZmMGMyYmQ5MTc=,2026-02-25T20:41:42.247524+00:00
TUxVODUzMDE2MjEw,venta,casas,VmVudGEgUmFtYmxhIExhcyBUb3NjYXM=,239000.0,USD,active,used,"Rbla. Alfredo Zitarrosa 5119, 15200 Las Toscas, Departamento de Canelones, Uruguay, Las Toscas",,Canelones,-34.7734332,-55.7343784,500.0,105.0,2.0,1.0,1.0,,,,Chimenea | Estacionamiento para visitas,INMOBILIARIA CIUDAD JARDIN,real_estate_agency,32157716.0,"RAMBLA DE LAS TOSCAS

HERMOSA PROPIEDAD UBICADA EN LA RAMBLA DE LAS TOSCAS, CON COCHERA TECHADA, ACCESO POR ESCALERAS Y RAMPA, TERRAZA AL FRENTE CON HERMOSA VISTA AL MAR.

POSEE 2 DORMITORIOS CON PLACARES, BAÑO, LIVING CON VENTANAL MUY AMPLIO Y SALIDA A LA TERRAZA. COMEDOR CON PASA PLATOS A LA COCINA.

DISPONE DE OTRA TERRAZA AL FONDO, PARTE TECHADA. PARRILLERO TECHADO CON MESADA Y LEÑERO.

PRECIOSA PROPIEDAD MUY BIEN EQUIPADA CON AIRES ACONDICIONADOS Y ESTUFA DE HIERRO A LEÑA, PLACARES, ETC.

LOS ESPERAMOS EN INMOBILIARIA CIUDAD JARDÍN PARA BRINDARLE NUESTRO ASESORAMIENTO Y ADQUIRIR LA PROPIEDAD DE SUS SUEÑOS!!!",aHR0cHM6Ly9odHRwMi5tbHN0YXRpYy5jb20vRF9OUV9OUF85NDU1NzMtTUxVNzYyOTQ0NDYyNTNfMDUyMDI0LUYtbnVsbC53ZWJwIHwgaHR0cHM6Ly9odHRwMi5tbHN0YXRpYy5jb20vRF9OUV9OUF84NjAyMzUtTUxVODUxODU3MjE3NjBfMDUyMDI1LUYtbnVsbC53ZWJwIHwgaHR0cHM6Ly9odHRwMi5tbHN0YXRpYy5jb20vRF9OUV9OUF83Nzc2MzItTUxVODU0ODkzMTMxMDFfMDUyMDI1LUYtbnVsbC53ZWJwIHwgaHR0cHM6Ly9odHRwMi5tbHN0YXRpYy5jb20vRF9OUV9OUF83ODk4NjQtTUxVNzYxMTE5MjY4NTZfMDUyMDI0LUYtbnVsbC53ZWJwIHwgaHR0cHM6Ly9odHRwMi5tbHN0YXRpYy5jb20vRF9OUV9OUF84MzQ3ODgtTUxVNzYyOTQxMDA0MjVfMDUyMDI0LUYtbnVsbC53ZWJw,aHR0cHM6Ly9odHRwMi5tbHN0YXRpYy5jb20vRF9OUV9OUF85NDU1NzMtTUxVNzYyOTQ0NDYyNTNfMDUyMDI0LU8ud2VicA==,aHR0cHM6Ly9jYXNhLm1lcmNhZG9saWJyZS5jb20udXkvTUxVLTg1MzAxNjIxMC12ZW50YS1yYW1ibGEtbGFzLXRvc2Nhcy1fSk0jcG9seWNhcmRfY2xpZW50PXNlYXJjaC1kZXNrdG9wJnNlYXJjaF9sYXlvdXQ9Z3JpZCZwb3NpdGlvbj0zOCZ0eXBlPWl0ZW0mdHJhY2tpbmdfaWQ9OTA5ODA0ZTYtMWQ2NS00MTQwLWEyZmYtNTQzMGJiMzIxNGJm,2026-02-25T18:47:57.914182+00:00
TUxVMTA1MTA1MTQ1Mg==,alquiler,casas,Q2FzYSBFbiBBbHF1aWxlciBFbiBNYXJvw7Fhcw==,50000.0,UYU,active,used,"Ruben Darío 3121, Montevideo, Maroñas",,Montevideo,-34.8524711,-56.1206985,420.0,150.0,4.0,2.0,2.0,,20.0,0.0,Chimenea | Parrillero | Con área verde | Cisterna,OFICINAS PICCARDO,real_estate_agency,242861378.0,"CASA FRENTE 

2 DORMITORIOS 
1 LIVING 
1 COMEDOR DIARIO
1 COCINA
1 BAÑO
1 JARDIN AL FRENTE
1 FONDO CON FRUTALES
1 GARAJE CERRADO CON CIERRE ELECTRONICO
1 COCHERA CERCADA ABIERTA

CASA 2 
2 DORMITORIOS ( 1 PLANTA ALTA OTRO PLANTA BAJA)
1 BAÑO
1 COCINA COMEDOR
1 PATIO AL FRENTE
1 PARRILLERO

LAS LLAVES SE COORDINAN EN NUESTRAS OFICINAS DE LUNES A VIERNES DE 10 A 18 HORAS

LAS GARANTIAS SON PORTO SEGUROS , SURA SEGUROS , CONTADURIA GENERAL DE LA NACION

ADMITE MASCOTAS 

SE SELECCIONA EL INQUILINO SEGUN APROBACION 

LA COMERCIALIZACION DE ESTA PROPIEDAD ES EN FORMA EXCLUSIVA DE NUESTRA OFICINA NO EXISTIENDO NINGUNA OTRA INTERMEDIACION.",aHR0cHM6Ly9odHRwMi5tbHN0YXRpYy5jb20vRF9OUV9OUF85MjA2MjctTUxVMTA1OTY5NTg2MzQwXzAyMjAyNi1GLW51bGwud2VicCB8IGh0dHBzOi8vaHR0cDIubWxzdGF0aWMuY29tL0RfTlFfTlBfNzI1NDg0LU1MVTEwNTk2OTU1NjkxMF8wMjIwMjYtRi1udWxsLndlYnAgfCBodHRwczovL2h0dHAyLm1sc3RhdGljLmNvbS9EX05RX05QXzc3NjAxMC1NTFUxMDU5Njg2MDYwODRfMDIyMDI2LUYtbnVsbC53ZWJwIHwgaHR0cHM6Ly9odHRwMi5tbHN0YXRpYy5jb20vRF9OUV9OUF83NzUwMzUtTUxVMTA1OTY5NTU2OTA4XzAyMjAyNi1GLW51bGwud2VicCB8IGh0dHBzOi8vaHR0cDIubWxzdGF0aWMuY29tL0RfTlFfTlBfOTg5OTk2LU1MVTEwNjU4MjY1MzE1NV8wMjIwMjYtRi1udWxsLndlYnA=,aHR0cHM6Ly9odHRwMi5tbHN0YXRpYy5jb20vRF9OUV9OUF85MjA2MjctTUxVMTA1OTY5NTg2MzQwXzAyMjAyNi1PLndlYnA=,aHR0cHM6Ly9jYXNhLm1lcmNhZG9saWJyZS5jb20udXkvTUxVLTEwNTEwNTE0NTItY2FzYS1lbi1hbHF1aWxlci1lbi1tYXJvbmFzLV9KTSNwb2x5Y2FyZF9jbGllbnQ9c2VhcmNoLWRlc2t0b3Amc2VhcmNoX2xheW91dD1ncmlkJnBvc2l0aW9uPTE4JnR5cGU9aXRlbSZ0cmFja2luZ19pZD02OTcxMjViMS00ZmI4LTQ3ZDAtODY1Zi03NjE5OTExYzMxMGY=,2026-02-25T20:45:25.482502+00:00
TUxVODc2NzYxMDEw,venta,apartamentos,SWRlYWwgUGFyYSBWaXZpZW5kYSBQZXJtYW5lbnRlIE8gUmVudGE=,135000.0,USD,active,new,"Piriápolis, Piriápolis",,Maldonado,,,120.0,100.0,3.0,1.0,1.0,0.0,0.0,0.0,,PAULOALVEZ_,real_estate_agency,840853781.0,"Apartamentos con excelente ubicación en el centro de Piriápolis a menos de 100 metros de la playa. Unidad de 40 m² de interiores con acceso independiente desde la calle Tucumán con garaje y cochera exclusiva.  Ideal para vivienda permanente o renta. Ingreso por escaleras. Distribuido por amplio living con estufa a leña, cocina-comedor definida con muebles alto y bajo mesada. Baño completo y tres dormitorios. Terraza con hermosas vistas. Por más información contáctenos.  
Referencia Tera: ALV-287


 La ubicación en el mapa es generada automáticamente y puede NO ser exacta la de la propiedad. Consultenos",aHR0cHM6Ly9odHRwMi5tbHN0YXRpYy5jb20vRF9OUV9OUF85Mjg0MDQtTUxVMTAzMzYxNTYxNTMwXzAxMjAyNi1GLW51bGwud2VicCB8IGh0dHBzOi8vaHR0cDIubWxzdGF0aWMuY29tL0RfTlFfTlBfNjQ5NDU4LU1MVTEwMzM2MTYzMDg4Nl8wMTIwMjYtRi1udWxsLndlYnAgfCBodHRwczovL2h0dHAyLm1sc3RhdGljLmNvbS9EX05RX05QXzg3Nzg3Ni1NTFUxMDM4Nzk3NDgzMjlfMDEyMDI2LUYtbnVsbC53ZWJwIHwgaHR0cHM6Ly9odHRwMi5tbHN0YXRpYy5jb20vRF9OUV9OUF85MDU4OTItTUxVMTAzODc5Nzc3OTcxXzAxMjAyNi1GLW51bGwud2VicCB8IGh0dHBzOi8vaHR0cDIubWxzdGF0aWMuY29tL0RfTlFfTlBfOTI4MTc2LU1MVTEwMzg3OTc3Nzk4NV8wMTIwMjYtRi1udWxsLndlYnA=,aHR0cHM6Ly9odHRwMi5tbHN0YXRpYy5jb20vRF9OUV9OUF85Mjg0MDQtTUxVMTAzMzYxNTYxNTMwXzAxMjAyNi1PLndlYnA=,aHR0cHM6Ly9hcGFydGFtZW50by5tZXJjYWRvbGlicmUuY29tLnV5L01MVS04NzY3NjEwMTAtaWRlYWwtcGFyYS12aXZpZW5kYS1wZXJtYW5lbnRlLW8tcmVudGEtX0pNI3BvbHljYXJkX2NsaWVudD1zZWFyY2gtZGVza3RvcCZzZWFyY2hfbGF5b3V0PWdyaWQmcG9zaXRpb249NDMmdHlwZT1pdGVtJnRyYWNraW5nX2lkPTM0ZWMzMGFkLTZiZWEtNDE1Yy04MTU4LTY5YjEyZGE1NTA2Mg==,2026-02-24T23:30:23.443703+00:00
TUxVNjYwNzE3Njc5,venta,casas,VmVudGEgQ2Fzb25hIEEgUmVjaWNsYXIgRW4gUHJhZG8=,350000.0,USD,active,used,"Grito de Asencio 1200, Prado",,Montevideo,-34.8749307,-56.1958818,351.0,351.0,8.0,4.0,3.0,,87.0,,,REMAX FOCUS,real_estate_agency,315132283.0,"Corredor Responsable: - 
Contacto: Adrián Mazzei
Se vende importante propiedad en barrio Prado, ubicada en Grito de Asencio esquina Joaquin Suarez.
La misma se desarrolla en 2 plantas, con amplios ambientes, ideal para empresa o familia numerosa.
Al fondo de la casa principal se encuentran 3 apartamentos actualmente alquilados, que podrían anexarse a la propiedad principal de asi quererlo, o quitarlos para contar con un amplio jardín, barbacoa, etc.

Otro potencial uso que tiene la propiedad, al contar con una excelente ubicación y amplio metraje, es un desarrollo inmobiliario, ya que el terreno es edificable en un 80%, dando lugar a un importante proyecto, ideal como inversión de gran rentabilidad.

Actualmente, se encuentran alquilados los aptos del fondo, y la planta baja de la casa, ya que se hicieron divisiones para crear ´ápartamentos´´individuales, dando lugar a un total de 5 rentas mas el lugar de vivienda de los propietarios.

Lugar para varios vehículos, gran frente con arboles y verde.

El estado general de toda la propiedad es a Reciclar.

Cada Oficina es de propiedad, gestión y desarrollo independiente
La presente publicación describe las características esenciales del inmueble, debiéndose consultar al responsable de la operación por la eventual actualización de las medidas, descripciones arquitectónicas y funcionales, servicios, impuestos, precios y demás información, cuyos valores son aproximados.",aHR0cHM6Ly9odHRwMi5tbHN0YXRpYy5jb20vRF9OUV9OUF84NjE3NjQtTUxVMTA2ODE0NTIwMjA2XzAyMjAyNi1GLW51bGwud2VicCB8IGh0dHBzOi8vaHR0cDIubWxzdGF0aWMuY29tL0RfTlFfTlBfNzI1NDc5LU1MVTEwNjgxNDUyMDIxNl8wMjIwMjYtRi1udWxsLndlYnAgfCBodHRwczovL2h0dHAyLm1sc3RhdGljLmNvbS9EX05RX05QXzc5NzI5OC1NTFUxMDY4MTQ1MjAyMDhfMDIyMDI2LUYtbnVsbC53ZWJwIHwgaHR0cHM6Ly9odHRwMi5tbHN0YXRpYy5jb20vRF9OUV9OUF83NDQyOTUtTUxVMTA2ODE0NTIwMjEwXzAyMjAyNi1GLW51bGwud2VicCB8IGh0dHBzOi8vaHR0cDIubWxzdGF0aWMuY29tL0RfTlFfTlBfOTUyMTgzLU1MVTEwNjgxNDUyMDIxMl8wMjIwMjYtRi1udWxsLndlYnA=,aHR0cHM6Ly9odHRwMi5tbHN0YXRpYy5jb20vRF9OUV9OUF84NjE3NjQtTUxVMTA2ODE0NTIwMjA2XzAyMjAyNi1PLndlYnA=,aHR0cHM6Ly9jYXNhLm1lcmNhZG9saWJyZS5jb20udXkvTUxVLTY2MDcxNzY3OS12ZW50YS1jYXNvbmEtYS1yZWNpY2xhci1lbi1wcmFkby1fSk0jcG9seWNhcmRfY2xpZW50PXNlYXJjaC1kZXNrdG9wJnNlYXJjaF9sYXlvdXQ9Z3JpZCZwb3NpdGlvbj0xMiZ0eXBlPWl0ZW0mdHJhY2tpbmdfaWQ9MzFhNjM5MWEtYjcwZS00NDRiLTlkZDYtZjIwOGJiZjUzZDJm,2026-02-25T18:50:10.615653+00:00
TUxVMTA0MDMwNDk2OA==,alquiler,casas,Q2FzYSBFbiBBbHF1aWxlciBFbiBDYXNhYmxhbmNh,100000.0,UYU,active,used,"Montevideo, Colón",,Montevideo,-34.80342,-56.22727,1562.0,188.0,4.0,2.0,1.0,,62.0,,,CASABLANCAINMOBILIARIA,real_estate_agency,192641031.0,"Descubrí esta exclusiva propiedad de padrón único que combina comodidad, diseño y espacio exterior en un entorno tranquilo y natural.

Ubicada en una de las zonas más buscadas del barrio Colón, este chalet de tejas destaca por su estilo moderno y una excelente calidad constructiva.

Terreno de 1562 m² totalmente cercado, con portón automatizado
188 m² construidos, con excelente iluminación natural
Casa principal con:
Amplio living con estufa a leña de diseño
3 dormitorios
 1 baño completamente actualizado
 Cocina definida con pasaplatos y carpintería de gran nivel

- Hermoso jardín perimetral con verde y privacidad + una galería techada
- Apartamento independiente con cocina, baño y dormitorio: ideal para huéspedes, oficina o renta
- Garage cerrado y depósito adicional
- Gran fondo verde + cancha de fútbol y basket con iluminación: ¡espacio ideal para disfrutar en familia o con amigos!
- Una oportunidad única en un entorno natural, con fácil acceso a servicios y excelente conectividad.

GARANTÍA: Anda, CGN, Porto Seguro o Sura",aHR0cHM6Ly9odHRwMi5tbHN0YXRpYy5jb20vRF9OUV9OUF84NjQxMTAtTUxVODkyODI2MjIwMTZfMDgyMDI1LUYtbnVsbC53ZWJwIHwgaHR0cHM6Ly9odHRwMi5tbHN0YXRpYy5jb20vRF9OUV9OUF83NjEyOTgtTUxVODkyODI0MDMxNDBfMDgyMDI1LUYtbnVsbC53ZWJwIHwgaHR0cHM6Ly9odHRwMi5tbHN0YXRpYy5jb20vRF9OUV9OUF82NTMwNTktTUxVODkyODI3Nzk0OTRfMDgyMDI1LUYtbnVsbC53ZWJwIHwgaHR0cHM6Ly9odHRwMi5tbHN0YXRpYy5jb20vRF9OUV9OUF85MjYxNjItTUxVODkyODI1OTE3NzJfMDgyMDI1LUYtbnVsbC53ZWJwIHwgaHR0cHM6Ly9odHRwMi5tbHN0YXRpYy5jb20vRF9OUV9OUF82NDA1MTUtTUxVODkyODI4Mjg5ODBfMDgyMDI1LUYtbnVsbC53ZWJw,aHR0cHM6Ly9odHRwMi5tbHN0YXRpYy5jb20vRF9OUV9OUF84NjQxMTAtTUxVODkyODI2MjIwMTZfMDgyMDI1LU8ud2VicA==,aHR0cHM6Ly9jYXNhLm1lcmNhZG9saWJyZS5jb20udXkvTUxVLTEwNDAzMDQ5NjgtY2FzYS1lbi1hbHF1aWxlci1lbi1jYXNhYmxhbmNhLV9KTSNwb2x5Y2FyZF9jbGllbnQ9c2VhcmNoLWRlc2t0b3Amc2VhcmNoX2xheW91dD1ncmlkJnBvc2l0aW9uPTQ1JnR5cGU9aXRlbSZ0cmFja2luZ19pZD04NjZlMTIxYy04NDAzLTQ3YWEtYjU1NC0xNTY1MWUxNThkYjY=,2026-02-25T20:48:44.925066+00:00
TUxVMTAzMjkxNjk4Mg==,alquiler,apartamentos,QXBhcnRhbWVudG8gRW4gQWxxdWlsZXIgRW4gQXYuIERlIExhcyBBbcOpcmljYXM=,3200.0,USD,active,used,"Av. de las Américas 5225, Parque Miramar",,Canelones,-34.8670947,-56.0312883,218.0,182.0,3.0,3.0,1.0,3.0,,26000.0,Ascensor | Área de lavandería,ETXE BIENES_RAICES,real_estate_agency,358052679.0,"Alquiler de Apartamento 3 DORMITORIOS en sobre Av. de las Américas, Edificio Puerto Lago

Espectacular apartamento a estrenar en el edificio Puerto Lago, de grandes dimensiones con inmejorable vista al lago. Amplio living comedor con estufa de alto rendimiento y salida a terraza con parrillero, orientación este. Cocina definida. Tres dormitorios con orientación sur, el dormitorio principal en suite con vestidor. Dos baños completos y 1 toilette. Garaje y cochera con box.

El edificio cuenta con piscina y seguridad 24hs. 

Honorarios inmobiliarios 1 mes de alquiler + iva. 
      
      
    
XINTEL(JPD-JPD-248)",aHR0cHM6Ly9odHRwMi5tbHN0YXRpYy5jb20vRF9OUV9OUF83MjA4MzEtTUxVODY4ODE3ODcyNDZfMDcyMDI1LUYtbnVsbC53ZWJwIHwgaHR0cHM6Ly9odHRwMi5tbHN0YXRpYy5jb20vRF9OUV9OUF85MDM1MjAtTUxVODY4ODE3ODcyNDhfMDcyMDI1LUYtbnVsbC53ZWJwIHwgaHR0cHM6Ly9odHRwMi5tbHN0YXRpYy5jb20vRF9OUV9OUF82MTAzODMtTUxVODY4ODE3ODcyNTBfMDcyMDI1LUYtbnVsbC53ZWJwIHwgaHR0cHM6Ly9odHRwMi5tbHN0YXRpYy5jb20vRF9OUV9OUF84NjU4MjctTUxVODY4ODE3ODcyNTJfMDcyMDI1LUYtbnVsbC53ZWJwIHwgaHR0cHM6Ly9odHRwMi5tbHN0YXRpYy5jb20vRF9OUV9OUF83MTk1MjItTUxVODY4ODE3ODcyNTRfMDcyMDI1LUYtbnVsbC53ZWJw,aHR0cHM6Ly9odHRwMi5tbHN0YXRpYy5jb20vRF9OUV9OUF83MjA4MzEtTUxVODY4ODE3ODcyNDZfMDcyMDI1LU8ud2VicA==,aHR0cHM6Ly9hcGFydGFtZW50by5tZXJjYWRvbGlicmUuY29tLnV5L01MVS0xMDMyOTE2OTgyLWFwYXJ0YW1lbnRvLWVuLWFscXVpbGVyLWVuLWF2LWRlLWxhcy1hbWVyaWNhcy1fSk0jcG9seWNhcmRfY2xpZW50PXNlYXJjaC1kZXNrdG9wJnNlYXJjaF9sYXlvdXQ9Z3JpZCZwb3NpdGlvbj00NSZ0eXBlPWl0ZW0mdHJhY2tpbmdfaWQ9Y2M0NjEwNmItYmQyMy00ZWM4LTk4NTktZThlZTcyYzY4ZDE5,2026-02-25T17:43:02.378654+00:00
